annotation_id,annotator,created_at,id,lead_time,note,sentiment,updated_at
6,3,2026-07-12T14:59:44.310352Z,item_0000,32.947,,Neutral,2026-07-12T14:59:44.310374Z
7,3,2026-07-12T15:00:06.927250Z,item_0001,8.063,,Neutral,2026-07-12T15:00:06.927270Z
8,3,2026-07-12T15:00:31.552968Z,item_0002,21.129,,Neutral,2026-07-12T15:00:31.552989Z
9,3,2026-07-12T15:00:58.318198Z,item_0003,24.0,,Negative,2026-07-12T15:00:58.318226Z
10,3,2026-07-12T15:01:35.480691Z,item_0004,32.529,,Positive,2026-07-12T15:01:35.480711Z
11,3,2026-07-12T15:02:05.266749Z,item_0005,9.63,,Neutral,2026-07-12T15:02:05.266772Z
12,3,2026-07-12T15:03:02.455318Z,item_0006,51.398,,Positive,2026-07-12T15:03:02.455338Z
13,3,2026-07-12T15:03:19.246934Z,item_0007,10.311,,Neutral,2026-07-12T15:03:19.246964Z
14,3,2026-07-12T15:03:33.837913Z,item_0008,8.08,,Neutral,2026-07-12T15:03:33.837936Z
15,3,2026-07-12T15:03:55.405372Z,item_0009,7.991,,Negative,2026-07-12T15:03:55.405402Z
16,3,2026-07-12T15:11:32.633371Z,item_0010,17.016,,Positive,2026-07-12T15:11:32.633399Z
17,3,2026-07-12T15:12:19.000477Z,item_0011,32.931,,Positive,2026-07-12T15:12:19.000497Z
18,3,2026-07-12T15:12:58.400210Z,item_0012,4.431,,Positive,2026-07-12T15:12:58.400258Z
19,3,2026-07-12T15:13:17.953725Z,item_0013,16.55,,Negative,2026-07-12T15:13:17.953754Z
20,3,2026-07-12T15:13:39.418569Z,item_0014,15.694,,Neutral,2026-07-12T15:13:39.418592Z
21,3,2026-07-12T15:16:12.335118Z,item_0015,43.409,"Sarcasm, Uncertain",Positive,2026-07-12T15:16:12.335140Z
22,3,2026-07-12T15:17:02.387984Z,item_0016,12.268,,Neutral,2026-07-12T15:17:02.388006Z
23,3,2026-07-12T15:17:34.847681Z,item_0017,28.384,,Neutral,2026-07-12T15:17:34.847702Z
24,3,2026-07-12T15:17:49.967948Z,item_0018,11.567,,Neutral,2026-07-12T15:17:49.967975Z
25,3,2026-07-12T15:18:15.521562Z,item_0019,21.999,,Positive,2026-07-12T15:18:15.521583Z
26,3,2026-07-12T15:18:25.247870Z,item_0020,6.593,,Neutral,2026-07-12T15:18:25.247898Z
27,3,2026-07-12T15:18:41.500286Z,item_0021,8.777,,Positive,2026-07-12T15:18:41.500315Z
28,3,2026-07-12T15:18:51.832471Z,item_0022,7.966,,Neutral,2026-07-12T15:18:51.832493Z
29,3,2026-07-12T15:20:11.388591Z,item_0023,76.591,Incomprehensible,Positive,2026-07-12T15:20:11.388613Z
30,3,2026-07-12T15:20:41.668562Z,item_0024,44.681,Sarcasm,Negative,2026-07-12T15:21:23.475348Z
31,3,2026-07-12T15:22:09.390699Z,item_0025,42.341,Sarcasm,Negative,2026-07-12T15:22:09.390719Z
32,3,2026-07-12T15:22:20.246093Z,item_0026,8.475,,Neutral,2026-07-12T15:22:20.246118Z
33,3,2026-07-12T15:22:31.125975Z,item_0027,7.695,,Neutral,2026-07-12T15:22:31.126005Z
34,3,2026-07-12T15:22:39.246386Z,item_0028,5.296,,Neutral,2026-07-12T15:22:39.246413Z
35,3,2026-07-12T15:22:52.128826Z,item_0029,8.782,,Neutral,2026-07-12T15:22:52.128867Z
36,3,2026-07-12T15:23:27.681592Z,item_0030,32.048,,Positive,2026-07-12T15:23:27.681612Z
38,3,2026-07-12T15:24:10.991309Z,item_0031,6.131,,Negative,2026-07-12T15:24:10.991330Z
37,3,2026-07-12T15:23:50.876409Z,item_0032,9.85,,Neutral,2026-07-12T15:23:50.876431Z
39,3,2026-07-12T15:24:25.653603Z,item_0033,8.777,,Neutral,2026-07-12T15:24:25.653623Z
40,3,2026-07-12T15:24:38.146772Z,item_0034,7.359,,Neutral,2026-07-12T15:24:38.146793Z
41,3,2026-07-12T15:25:36.395143Z,item_0035,56.012,,Positive,2026-07-12T15:25:36.395163Z
42,3,2026-07-12T15:25:52.091594Z,item_0036,10.984,,Neutral,2026-07-12T15:25:52.091627Z
43,3,2026-07-12T15:26:43.830068Z,item_0037,49.351,Too little content,Positive,2026-07-12T15:26:43.830097Z
44,3,2026-07-12T15:26:52.514701Z,item_0038,5.018,,Neutral,2026-07-12T15:26:52.514729Z
45,3,2026-07-12T15:27:03.321213Z,item_0039,5.301,,Neutral,2026-07-12T15:27:03.321238Z
46,3,2026-07-12T15:27:13.612750Z,item_0040,7.715,,Neutral,2026-07-12T15:27:13.612777Z
47,3,2026-07-12T15:27:22.602958Z,item_0041,6.578,,Neutral,2026-07-12T15:27:22.602988Z
48,3,2026-07-12T15:27:35.262579Z,item_0042,7.282,,Neutral,2026-07-12T15:27:35.262601Z
49,3,2026-07-12T15:27:48.536819Z,item_0043,10.557,,Neutral,2026-07-12T15:27:48.536840Z
50,3,2026-07-12T15:28:09.004702Z,item_0044,18.264,,Neutral,2026-07-12T15:28:09.004723Z
51,3,2026-07-12T15:28:35.621718Z,item_0045,23.695,,Positive,2026-07-12T15:28:35.621740Z
52,3,2026-07-12T15:28:44.406625Z,item_0046,6.29,,Positive,2026-07-12T15:28:44.406646Z
53,3,2026-07-12T15:28:58.163597Z,item_0047,9.092,,Neutral,2026-07-12T15:28:58.163635Z
54,3,2026-07-12T15:29:07.766530Z,item_0048,7.248,,Neutral,2026-07-12T15:29:07.766556Z
55,3,2026-07-12T15:29:19.017033Z,item_0049,8.716,,Neutral,2026-07-12T15:29:19.017055Z
56,3,2026-07-12T15:29:50.268973Z,item_0050,27.532,,Negative,2026-07-12T15:29:50.269001Z
57,3,2026-07-12T15:30:08.499942Z,item_0051,11.015,,Positive,2026-07-12T15:30:08.499965Z
58,3,2026-07-12T15:30:15.711880Z,item_0052,4.059,,Positive,2026-07-12T15:30:15.711901Z
59,3,2026-07-12T15:30:33.923304Z,item_0053,6.442,,Neutral,2026-07-12T15:30:33.923342Z
60,3,2026-07-12T15:30:41.643898Z,item_0054,5.122,,Positive,2026-07-12T15:30:41.643919Z
61,3,2026-07-12T15:31:16.813315Z,item_0055,32.732,,Positive,2026-07-12T15:31:16.813342Z
62,3,2026-07-12T15:31:27.891831Z,item_0056,8.656,,Neutral,2026-07-12T15:31:27.891860Z
63,3,2026-07-12T15:31:43.151811Z,item_0057,11.641,,Neutral,2026-07-12T15:31:43.151834Z
64,3,2026-07-12T15:32:23.945280Z,item_0058,5.715,,Negative,2026-07-12T15:32:23.945302Z
65,3,2026-07-12T15:32:32.886552Z,item_0059,6.482,,Neutral,2026-07-12T15:32:32.886573Z
66,3,2026-07-12T15:32:40.307225Z,item_0060,4.946,,Neutral,2026-07-12T15:32:40.307246Z
67,3,2026-07-12T15:32:54.039041Z,item_0061,10.258,,Neutral,2026-07-12T15:32:54.039063Z
68,3,2026-07-12T15:33:06.748038Z,item_0062,8.978,,Positive,2026-07-12T15:33:06.748077Z
69,3,2026-07-12T15:33:22.028706Z,item_0063,10.716,,Neutral,2026-07-12T15:33:22.028726Z
70,3,2026-07-12T15:33:41.989615Z,item_0064,6.354,,Neutral,2026-07-12T15:33:41.989638Z
71,3,2026-07-12T15:33:53.858656Z,item_0065,9.638,,Neutral,2026-07-12T15:33:53.858683Z
72,3,2026-07-12T15:34:06.287248Z,item_0066,10.362,,Negative,2026-07-12T15:34:06.287277Z
73,3,2026-07-12T15:34:23.331905Z,item_0067,12.442,,Neutral,2026-07-12T15:34:23.331926Z
74,3,2026-07-12T15:34:33.175595Z,item_0068,7.464,,Neutral,2026-07-12T15:34:33.175623Z
75,3,2026-07-12T15:34:42.721190Z,item_0069,7.464,,Negative,2026-07-12T15:34:42.721215Z
76,3,2026-07-12T15:35:10.901269Z,item_0070,26.104,,Negative,2026-07-12T15:35:10.901298Z
77,3,2026-07-12T15:35:20.632862Z,item_0071,7.363,,Neutral,2026-07-12T15:35:20.632892Z
78,3,2026-07-12T15:35:32.558322Z,item_0072,6.832,,Neutral,2026-07-12T15:35:32.558344Z
79,3,2026-07-12T15:35:51.098571Z,item_0073,16.515,,Negative,2026-07-12T15:35:51.098592Z
80,3,2026-07-12T15:35:59.560271Z,item_0074,5.998,,Neutral,2026-07-12T15:35:59.560298Z
81,3,2026-07-12T15:36:09.422674Z,item_0075,4.949,,Positive,2026-07-12T15:36:09.422697Z
82,3,2026-07-12T15:36:16.909858Z,item_0076,5.198,,Positive,2026-07-12T15:36:16.909880Z
83,3,2026-07-12T15:36:23.718742Z,item_0077,4.659,,Positive,2026-07-12T15:36:23.718773Z
84,3,2026-07-12T15:36:31.294866Z,item_0078,5.775,,Neutral,2026-07-12T15:36:31.294886Z
85,3,2026-07-12T15:36:38.351508Z,item_0079,5.144,,Neutral,2026-07-12T15:36:38.351535Z
86,3,2026-07-12T15:36:44.261734Z,item_0080,4.197,,Neutral,2026-07-12T15:36:44.261755Z
87,3,2026-07-12T15:36:55.102146Z,item_0081,5.055,,Neutral,2026-07-12T15:36:55.102166Z
88,3,2026-07-12T15:37:03.454155Z,item_0082,6.324,,Neutral,2026-07-12T15:37:03.454175Z
89,3,2026-07-12T15:37:14.006095Z,item_0083,4.097,,Neutral,2026-07-12T15:37:14.006122Z
90,3,2026-07-12T15:37:58.338593Z,item_0084,42.441,,Neutral,2026-07-12T15:37:58.338613Z
91,3,2026-07-12T15:38:20.756328Z,item_0085,19.772,,Neutral,2026-07-12T15:38:20.756358Z
92,3,2026-07-12T15:38:28.183913Z,item_0086,5.078,,Neutral,2026-07-12T15:38:28.183935Z
93,3,2026-07-12T15:38:41.681028Z,item_0087,10.387,,Neutral,2026-07-12T15:38:41.681051Z
94,3,2026-07-12T15:38:55.947920Z,item_0088,10.357,,Positive,2026-07-12T15:38:55.947943Z
95,3,2026-07-12T15:39:06.854103Z,item_0089,8.812,,Negative,2026-07-12T15:39:06.854123Z
96,3,2026-07-12T15:39:13.600205Z,item_0090,4.664,,Neutral,2026-07-12T15:39:13.600228Z
97,3,2026-07-12T15:39:22.389144Z,item_0091,6.713,,Neutral,2026-07-12T15:39:22.389168Z
98,3,2026-07-12T15:39:30.228949Z,item_0092,3.988,,Neutral,2026-07-12T15:39:30.228977Z
99,3,2026-07-12T15:39:36.983934Z,item_0093,4.662,,Neutral,2026-07-12T15:39:36.983954Z
100,3,2026-07-12T15:39:46.266331Z,item_0094,7.096,,Neutral,2026-07-12T15:39:46.266359Z
101,3,2026-07-12T15:39:57.145867Z,item_0095,7.113,,Positive,2026-07-12T15:39:57.145896Z
102,3,2026-07-12T15:40:03.269655Z,item_0096,4.313,,Positive,2026-07-12T15:40:03.269675Z
103,3,2026-07-12T15:40:16.394491Z,item_0097,11.147,,Neutral,2026-07-12T15:40:16.394510Z
104,3,2026-07-12T15:40:24.408482Z,item_0098,5.91,,Neutral,2026-07-12T15:40:24.408506Z
105,3,2026-07-12T15:40:34.267087Z,item_0099,7.464,,Neutral,2026-07-12T15:40:34.267109Z
106,3,2026-07-12T15:42:52.071267Z,item_0100,7.1,,Neutral,2026-07-12T15:42:52.071289Z
107,3,2026-07-12T15:43:12.762913Z,item_0101,6.329,,Positive,2026-07-12T15:43:12.762933Z
108,3,2026-07-12T15:43:20.688311Z,item_0102,5.918,,Positive,2026-07-12T15:43:20.688331Z
109,3,2026-07-12T15:43:48.034122Z,item_0103,25.342,Too little content,Negative,2026-07-12T15:43:48.034145Z
110,3,2026-07-12T15:45:49.167953Z,item_0104,118.701,,Neutral,2026-07-12T15:45:49.167980Z
111,3,2026-07-12T15:45:57.646412Z,item_0105,4.972,,Positive,2026-07-12T15:45:57.646441Z
205,3,2026-07-12T16:12:31.728972Z,item_0106,7.85,,Neutral,2026-07-12T16:12:31.728999Z
112,3,2026-07-12T15:46:21.059860Z,item_0107,4.755,,Neutral,2026-07-12T15:46:21.059879Z
113,3,2026-07-12T15:46:32.676020Z,item_0108,9.714,,Neutral,2026-07-12T15:46:32.676046Z
114,3,2026-07-12T15:46:50.839362Z,item_0109,11.181,,Neutral,2026-07-12T15:46:50.839382Z
115,3,2026-07-12T15:47:01.050313Z,item_0110,7.994,,Neutral,2026-07-12T15:47:01.050341Z
116,3,2026-07-12T15:47:07.645133Z,item_0111,4.991,,Neutral,2026-07-12T15:47:07.645153Z
117,3,2026-07-12T15:47:21.153621Z,item_0112,11.849,,Neutral,2026-07-12T15:47:21.153641Z
118,3,2026-07-12T15:47:32.676207Z,item_0113,6.023,,Negative,2026-07-12T15:47:32.676229Z
119,3,2026-07-12T15:47:41.694895Z,item_0114,6.944,,Negative,2026-07-12T15:47:41.694917Z
120,3,2026-07-12T15:48:11.830198Z,item_0115,27.999,,Neutral,2026-07-12T15:48:11.830221Z
121,3,2026-07-12T15:49:13.461320Z,item_0116,60.056,Kurmanji,Neutral,2026-07-12T15:49:13.461341Z
122,3,2026-07-12T15:49:20.743790Z,item_0117,4.878,,Neutral,2026-07-12T15:49:20.743813Z
123,3,2026-07-12T15:49:28.683551Z,item_0118,4.916,,Neutral,2026-07-12T15:49:28.683573Z
124,3,2026-07-12T15:49:54.998710Z,item_0119,22.039,,Positive,2026-07-12T15:49:54.998730Z
125,3,2026-07-12T15:50:06.517585Z,item_0120,9.115,,Neutral,2026-07-12T15:50:06.517606Z
126,3,2026-07-12T15:50:16.666646Z,item_0121,7.565,,Neutral,2026-07-12T15:50:16.666675Z
127,3,2026-07-12T15:50:23.305815Z,item_0122,4.582,,Neutral,2026-07-12T15:50:23.305842Z
128,3,2026-07-12T15:50:31.389566Z,item_0123,6.115,,Neutral,2026-07-12T15:50:31.389589Z
129,3,2026-07-12T15:50:37.405260Z,item_0124,4.149,,Neutral,2026-07-12T15:50:37.405280Z
130,3,2026-07-12T15:50:44.894098Z,item_0125,5.748,,Neutral,2026-07-12T15:50:44.894117Z
131,3,2026-07-12T15:50:53.363676Z,item_0126,6.792,,Neutral,2026-07-12T15:50:53.363696Z
132,3,2026-07-12T15:51:00.762412Z,item_0127,5.198,,Neutral,2026-07-12T15:51:00.762435Z
133,3,2026-07-12T15:51:17.241605Z,item_0128,10.964,,Neutral,2026-07-12T15:51:17.241626Z
134,3,2026-07-12T15:51:23.516365Z,item_0129,4.265,,Neutral,2026-07-12T15:51:23.516389Z
135,3,2026-07-12T15:51:30.874621Z,item_0130,5.539,,Neutral,2026-07-12T15:51:30.874642Z
136,3,2026-07-12T15:51:37.366551Z,item_0131,4.511,,Neutral,2026-07-12T15:51:37.366575Z
137,3,2026-07-12T15:51:45.086447Z,item_0132,5.959,,Neutral,2026-07-12T15:51:45.086467Z
138,3,2026-07-12T15:51:54.360786Z,item_0133,7.148,,Neutral,2026-07-12T15:51:54.360814Z
139,3,2026-07-12T15:52:07.126344Z,item_0134,7.948,,Positive,2026-07-12T15:52:07.126373Z
140,3,2026-07-12T15:52:14.270746Z,item_0135,5.497,,Neutral,2026-07-12T15:52:14.270767Z
141,3,2026-07-12T15:52:23.616371Z,item_0136,7.095,,Neutral,2026-07-12T15:52:23.616398Z
142,3,2026-07-12T15:52:31.192727Z,item_0137,5.664,,Neutral,2026-07-12T15:52:31.192748Z
143,3,2026-07-12T15:53:52.653341Z,item_0138,79.237,incomprehensible ,Positive,2026-07-12T15:53:52.653361Z
144,3,2026-07-12T15:54:05.695304Z,item_0139,10.521,,Neutral,2026-07-12T15:54:05.695324Z
145,3,2026-07-12T15:54:13.398038Z,item_0140,5.798,,Neutral,2026-07-12T15:54:13.398061Z
146,3,2026-07-12T15:54:20.463832Z,item_0141,4.247,,Neutral,2026-07-12T15:54:20.463851Z
147,3,2026-07-12T15:54:32.686802Z,item_0142,7.757,,Neutral,2026-07-12T15:54:32.686822Z
148,3,2026-07-12T15:54:38.913553Z,item_0143,4.145,,Negative,2026-07-12T15:54:38.913577Z
149,3,2026-07-12T15:54:46.034399Z,item_0144,5.294,,Neutral,2026-07-12T15:54:46.034420Z
150,3,2026-07-12T15:54:57.252034Z,item_0145,9.429,,Neutral,2026-07-12T15:54:57.252077Z
151,3,2026-07-12T15:55:04.319355Z,item_0146,5.25,,Neutral,2026-07-12T15:55:04.319379Z
152,3,2026-07-12T15:55:12.197112Z,item_0147,6.079,,Neutral,2026-07-12T15:55:12.197133Z
153,3,2026-07-12T15:55:31.394477Z,item_0148,13.925,,Neutral,2026-07-12T15:55:31.394505Z
154,3,2026-07-12T15:55:40.871348Z,item_0149,7.427,,Neutral,2026-07-12T15:55:40.871369Z
155,3,2026-07-12T15:55:51.912433Z,item_0150,9.337,,Negative,2026-07-12T15:55:51.912463Z
156,3,2026-07-12T15:55:57.478912Z,item_0151,3.716,,Neutral,2026-07-12T15:55:57.478931Z
157,3,2026-07-12T15:56:06.407986Z,item_0152,7.161,,Neutral,2026-07-12T15:56:06.408008Z
158,3,2026-07-12T15:56:13.049046Z,item_0153,4.901,,Neutral,2026-07-12T15:56:13.049067Z
159,3,2026-07-12T15:56:21.090685Z,item_0154,6.272,,Negative,2026-07-12T15:56:21.090705Z
160,3,2026-07-12T15:56:33.410603Z,item_0155,7.696,,Neutral,2026-07-12T15:56:33.410624Z
161,3,2026-07-12T15:56:54.526058Z,item_0156,19.082,Kurmanji,Neutral,2026-07-12T15:56:54.526081Z
162,3,2026-07-12T15:57:05.509222Z,item_0157,8.859,,Neutral,2026-07-12T15:57:05.509249Z
163,3,2026-07-12T15:57:12.176682Z,item_0158,4.79,,Positive,2026-07-12T15:57:12.176704Z
164,3,2026-07-12T15:57:20.169278Z,item_0159,6.077,,Neutral,2026-07-12T15:57:20.169299Z
165,3,2026-07-12T15:57:26.226890Z,item_0160,4.461,,Neutral,2026-07-12T15:57:26.226915Z
166,3,2026-07-12T15:57:33.221339Z,item_0161,4.996,,Neutral,2026-07-12T15:57:33.221361Z
167,3,2026-07-12T15:57:45.738533Z,item_0162,7.579,,Neutral,2026-07-12T15:57:45.738554Z
168,3,2026-07-12T16:00:05.181603Z,item_0163,137.31,,Negative,2026-07-12T16:00:05.181629Z
169,3,2026-07-12T16:00:10.684317Z,item_0164,3.371,,Neutral,2026-07-12T16:00:10.684337Z
170,3,2026-07-12T16:01:11.452525Z,item_0165,58.878,mixed,Neutral,2026-07-12T16:01:11.452546Z
171,3,2026-07-12T16:01:49.587483Z,item_0166,36.125,,Neutral,2026-07-12T16:01:49.587503Z
172,3,2026-07-12T16:02:02.038597Z,item_0167,9.608,,Neutral,2026-07-12T16:02:02.038628Z
173,3,2026-07-12T16:02:17.000835Z,item_0168,7.882,,Neutral,2026-07-12T16:02:17.000858Z
174,3,2026-07-12T16:02:25.627363Z,item_0169,5.56,,Neutral,2026-07-12T16:02:25.627385Z
175,3,2026-07-12T16:02:35.381371Z,item_0170,7.834,,Positive,2026-07-12T16:02:35.381402Z
176,3,2026-07-12T16:02:42.524786Z,item_0171,4.944,,Positive,2026-07-12T16:02:42.524808Z
177,3,2026-07-12T16:03:14.071724Z,item_0172,26.818,too little content,Neutral,2026-07-12T16:03:14.071746Z
178,3,2026-07-12T16:03:31.322608Z,item_0173,15.146,Kurmanji,Neutral,2026-07-12T16:03:31.322633Z
179,3,2026-07-12T16:03:43.047860Z,item_0174,9.536,,Neutral,2026-07-12T16:03:43.047882Z
180,3,2026-07-12T16:04:38.549016Z,item_0175,25.422,Kurmanji,Neutral,2026-07-12T16:04:38.549044Z
181,3,2026-07-12T16:04:51.818935Z,item_0176,11.075,,Neutral,2026-07-12T16:04:51.818956Z
182,3,2026-07-12T16:05:07.741453Z,item_0177,13.642,,Neutral,2026-07-12T16:05:07.741473Z
183,3,2026-07-12T16:05:24.222581Z,item_0178,13.337,Kurmanji,Neutral,2026-07-12T16:05:24.222601Z
184,3,2026-07-12T16:06:12.053712Z,item_0179,45.711,incomprehensible ,Positive,2026-07-12T16:06:12.053738Z
185,3,2026-07-12T16:06:24.308083Z,item_0180,10.053,,Neutral,2026-07-12T16:06:24.308110Z
186,3,2026-07-12T16:06:38.475906Z,item_0181,9.512,,Positive,2026-07-12T16:06:38.475933Z
187,3,2026-07-12T16:06:55.255270Z,item_0182,14.911,,Neutral,2026-07-12T16:06:55.255292Z
188,3,2026-07-12T16:07:03.382853Z,item_0183,5.893,,Neutral,2026-07-12T16:07:03.382873Z
189,3,2026-07-12T16:07:09.244950Z,item_0184,4.098,,Neutral,2026-07-12T16:07:09.244970Z
190,3,2026-07-12T16:07:20.141771Z,item_0185,6.915,,Positive,2026-07-12T16:07:20.141800Z
191,3,2026-07-12T16:08:16.995791Z,item_0186,54.945,,Negative,2026-07-12T16:08:16.995818Z
192,3,2026-07-12T16:08:47.262089Z,item_0187,25.506,,Neutral,2026-07-12T16:08:47.262109Z
193,3,2026-07-12T16:09:05.109652Z,item_0188,16.013,,Positive,2026-07-12T16:09:05.109673Z
194,3,2026-07-12T16:09:12.551607Z,item_0189,5.291,,Neutral,2026-07-12T16:09:12.551629Z
195,3,2026-07-12T16:09:29.091058Z,item_0190,12.311,Kurmanji,Neutral,2026-07-12T16:09:29.091080Z
196,3,2026-07-12T16:09:36.764994Z,item_0191,5.474,,Neutral,2026-07-12T16:09:36.765017Z
197,3,2026-07-12T16:09:45.033958Z,item_0192,5.957,,Neutral,2026-07-12T16:09:45.033980Z
198,3,2026-07-12T16:09:54.381398Z,item_0193,7.324,,Neutral,2026-07-12T16:09:54.381420Z
199,3,2026-07-12T16:10:02.511529Z,item_0194,6.391,,Neutral,2026-07-12T16:10:02.511563Z
200,3,2026-07-12T16:10:39.480810Z,item_0195,33.053,Sarcasm,Negative,2026-07-12T16:10:39.480832Z
201,3,2026-07-12T16:10:47.679507Z,item_0196,4.915,,Neutral,2026-07-12T16:10:47.679536Z
202,3,2026-07-12T16:10:56.524103Z,item_0197,7.116,,Neutral,2026-07-12T16:10:56.524126Z
203,3,2026-07-12T16:11:31.642997Z,item_0198,33.321,,Negative,2026-07-12T16:11:31.643017Z
204,3,2026-07-12T16:11:44.606559Z,item_0199,9.605,,Neutral,2026-07-12T16:11:44.606585Z
206,3,2026-07-12T16:16:38.912888Z,item_0200,6.05,,Neutral,2026-07-12T16:16:38.912909Z
207,3,2026-07-12T16:16:54.914674Z,item_0201,6.981,,Neutral,2026-07-12T16:16:54.914705Z
208,3,2026-07-12T16:17:35.212401Z,item_0202,5.565,,Neutral,2026-07-12T16:17:35.212424Z
209,3,2026-07-12T16:17:44.091239Z,item_0203,7.061,,Neutral,2026-07-12T16:17:44.091262Z
210,3,2026-07-12T16:17:54.611401Z,item_0204,8.432,,Positive,2026-07-12T16:17:54.611422Z
211,3,2026-07-12T16:18:01.699928Z,item_0205,5.326,,Neutral,2026-07-12T16:18:01.699948Z
212,3,2026-07-12T16:18:12.376349Z,item_0206,7.251,,Neutral,2026-07-12T16:18:12.376371Z
213,3,2026-07-12T16:18:19.938150Z,item_0207,5.064,,Negative,2026-07-12T16:18:19.938172Z
214,3,2026-07-12T16:18:37.277321Z,item_0208,13.467,,Negative,2026-07-12T16:18:37.277349Z
215,3,2026-07-12T16:18:54.312399Z,item_0209,7.748,,Neutral,2026-07-12T16:18:54.312422Z
216,3,2026-07-12T16:19:16.435541Z,item_0210,20.364,,Negative,2026-07-12T16:19:16.435562Z
217,3,2026-07-12T16:19:22.686715Z,item_0211,4.342,,Neutral,2026-07-12T16:19:22.686741Z
218,3,2026-07-12T16:19:38.289004Z,item_0212,13.809,,Neutral,2026-07-12T16:19:38.289032Z
219,3,2026-07-12T16:19:44.678505Z,item_0213,4.796,,Neutral,2026-07-12T16:19:44.678532Z
220,3,2026-07-12T16:20:11.312182Z,item_0214,11.508,,Neutral,2026-07-12T16:20:11.312209Z
221,3,2026-07-12T16:20:22.674086Z,item_0215,8.438,,Negative,2026-07-12T16:20:22.674107Z
222,3,2026-07-12T16:20:55.468639Z,item_0216,28.132,,Neutral,2026-07-12T16:20:55.468660Z
223,3,2026-07-12T16:21:01.024628Z,item_0217,3.574,,Neutral,2026-07-12T16:21:01.024650Z
224,3,2026-07-12T16:21:06.860670Z,item_0218,3.966,,Neutral,2026-07-12T16:21:06.860692Z
225,3,2026-07-12T16:21:13.924998Z,item_0219,5.423,,Neutral,2026-07-12T16:21:13.925020Z
226,3,2026-07-12T16:21:19.549822Z,item_0220,3.612,,Neutral,2026-07-12T16:21:19.549842Z
227,3,2026-07-12T16:21:27.159720Z,item_0221,5.741,,Negative,2026-07-12T16:21:27.159742Z
228,3,2026-07-12T16:21:39.971818Z,item_0222,8.271,,Positive,2026-07-12T16:21:39.971838Z
229,3,2026-07-12T16:21:50.735375Z,item_0223,8.713,,Negative,2026-07-12T16:21:50.735397Z
230,3,2026-07-12T16:22:17.334022Z,item_0224,8.801,,Neutral,2026-07-12T16:22:17.334044Z
231,3,2026-07-12T16:22:25.980644Z,item_0225,6.467,,Neutral,2026-07-12T16:22:25.980665Z
232,3,2026-07-12T16:22:40.303703Z,item_0226,12.283,,Negative,2026-07-12T16:22:40.303723Z
233,3,2026-07-12T16:22:54.782168Z,item_0227,12.487,Kurmanji,Neutral,2026-07-12T16:22:54.782188Z
234,3,2026-07-12T16:23:04.226567Z,item_0228,5.35,,Neutral,2026-07-12T16:23:04.226588Z
235,3,2026-07-12T16:23:11.314677Z,item_0229,5.115,,Neutral,2026-07-12T16:23:11.314701Z
236,3,2026-07-12T16:23:17.531835Z,item_0230,4.432,,Neutral,2026-07-12T16:23:17.531856Z
237,3,2026-07-12T16:23:24.060665Z,item_0231,4.559,,Positive,2026-07-12T16:23:24.060687Z
238,3,2026-07-12T16:23:30.236792Z,item_0232,4.315,,Neutral,2026-07-12T16:23:30.236821Z
239,3,2026-07-12T16:23:56.878326Z,item_0233,24.645,,Positive,2026-07-12T16:23:56.878346Z
240,3,2026-07-12T16:24:03.739607Z,item_0234,4.795,,Neutral,2026-07-12T16:24:03.739636Z
241,3,2026-07-12T16:24:14.720760Z,item_0235,5.603,,Positive,2026-07-12T16:24:14.720784Z
242,3,2026-07-12T16:24:20.561264Z,item_0236,3.948,,Neutral,2026-07-12T16:24:20.561285Z
243,3,2026-07-12T16:24:28.936636Z,item_0237,6.466,,Neutral,2026-07-12T16:24:28.936656Z
244,3,2026-07-12T16:24:34.603602Z,item_0238,3.497,,Positive,2026-07-12T16:24:34.603626Z
245,3,2026-07-12T16:24:40.859876Z,item_0239,4.598,,Negative,2026-07-12T16:24:40.859902Z
246,3,2026-07-12T16:24:47.275088Z,item_0240,4.414,,Positive,2026-07-12T16:24:47.275108Z
247,3,2026-07-12T16:25:14.792213Z,item_0241,25.503,Incomprehensible ,Positive,2026-07-12T16:25:14.792239Z
248,3,2026-07-12T16:25:24.456543Z,item_0242,7.556,,Positive,2026-07-12T16:25:24.456567Z
249,3,2026-07-12T16:25:33.559947Z,item_0243,6.981,,Neutral,2026-07-12T16:25:33.559971Z
250,3,2026-07-12T16:25:55.189193Z,item_0244,19.837,,Positive,2026-07-12T16:25:55.189215Z
251,3,2026-07-12T16:26:30.904571Z,item_0245,30.984,Kurmanji,Neutral,2026-07-12T16:26:30.904591Z
252,3,2026-07-12T16:26:38.278794Z,item_0246,4.565,,Neutral,2026-07-12T16:26:38.278816Z
253,3,2026-07-12T16:26:47.210257Z,item_0247,6.912,,Positive,2026-07-12T16:26:47.210280Z
254,3,2026-07-12T16:28:31.636172Z,item_0248,102.379,,Negative,2026-07-12T16:28:31.636194Z
255,3,2026-07-12T16:29:32.879014Z,item_0249,45.668,Too little content ,Positive,2026-07-12T16:29:32.879039Z
256,3,2026-07-12T16:29:48.826265Z,item_0250,3.93,,Neutral,2026-07-12T16:29:48.826288Z
257,3,2026-07-12T16:29:56.269905Z,item_0251,5.196,,Positive,2026-07-12T16:29:56.269926Z
258,3,2026-07-12T16:30:04.556730Z,item_0252,6.263,,Negative,2026-07-12T16:30:04.556755Z
259,3,2026-07-12T16:30:13.828050Z,item_0253,4.823,,Neutral,2026-07-12T16:30:13.828071Z
260,3,2026-07-12T16:30:21.814843Z,item_0254,5.804,,Neutral,2026-07-12T16:30:21.814865Z
261,3,2026-07-12T16:30:51.292521Z,item_0255,27.392,,Neutral,2026-07-12T16:30:51.292542Z
262,3,2026-07-12T16:31:08.691996Z,item_0256,14.829,,Neutral,2026-07-12T16:31:08.692016Z
263,3,2026-07-12T16:31:16.338257Z,item_0257,5.595,,Neutral,2026-07-12T16:31:16.338279Z
264,3,2026-07-12T16:31:24.186526Z,item_0258,5.928,,Neutral,2026-07-12T16:31:24.186546Z
265,3,2026-07-12T16:31:52.127220Z,item_0259,14.397,Kurmanji,Neutral,2026-07-12T16:31:52.127243Z
266,3,2026-07-12T16:32:14.498335Z,item_0260,12.454,,Neutral,2026-07-12T16:32:14.498364Z
267,3,2026-07-12T16:32:25.432118Z,item_0261,8.387,,Negative,2026-07-12T16:32:25.432139Z
268,3,2026-07-12T16:32:38.360225Z,item_0262,7.825,,Neutral,2026-07-12T16:32:38.360253Z
269,3,2026-07-12T16:32:53.666911Z,item_0263,12.767,,Neutral,2026-07-12T16:32:53.666936Z
270,3,2026-07-12T16:33:01.343666Z,item_0264,5.57,,Neutral,2026-07-12T16:33:01.343693Z
271,3,2026-07-12T16:33:14.823904Z,item_0265,11.476,,Neutral,2026-07-12T16:33:14.823935Z
272,3,2026-07-12T16:33:33.026874Z,item_0266,16.127,,Negative,2026-07-12T16:33:33.026896Z
273,3,2026-07-12T16:33:47.870213Z,item_0267,12.942,,Neutral,2026-07-12T16:33:47.870241Z
274,3,2026-07-12T16:33:56.588942Z,item_0268,6.457,,Neutral,2026-07-12T16:33:56.588963Z
275,3,2026-07-12T16:34:07.142030Z,item_0269,8.738,,Neutral,2026-07-12T16:34:07.142052Z
276,3,2026-07-12T16:34:26.709753Z,item_0270,17.692,,Negative,2026-07-12T16:34:26.709783Z
277,3,2026-07-12T16:34:44.785015Z,item_0271,5.494,,Neutral,2026-07-12T16:34:44.785038Z
278,3,2026-07-12T16:34:57.905728Z,item_0272,11.381,Kurmanji,Neutral,2026-07-12T16:34:57.905748Z
279,3,2026-07-12T16:35:13.482208Z,item_0273,13.256,,Neutral,2026-07-12T16:35:13.482235Z
280,3,2026-07-12T16:35:24.773468Z,item_0274,7.541,,Neutral,2026-07-12T16:35:24.773489Z
281,3,2026-07-12T16:35:32.389445Z,item_0275,5.492,,Positive,2026-07-12T16:35:32.389465Z
282,3,2026-07-12T16:35:39.323205Z,item_0276,5.193,,Positive,2026-07-12T16:35:39.323229Z
283,3,2026-07-12T16:35:46.218748Z,item_0277,4.875,,Neutral,2026-07-12T16:35:46.218769Z
284,3,2026-07-12T16:36:34.878922Z,item_0278,46.489,,Neutral,2026-07-12T16:36:34.878942Z
285,3,2026-07-12T16:36:43.070542Z,item_0279,6.037,,Neutral,2026-07-12T16:36:43.070565Z
286,3,2026-07-12T16:36:58.538500Z,item_0280,13.209,,Neutral,2026-07-12T16:36:58.538527Z
287,3,2026-07-12T16:37:08.105139Z,item_0281,7.341,,Negative,2026-07-12T16:37:08.105161Z
288,3,2026-07-12T16:37:38.172442Z,item_0282,25.326,,Negative,2026-07-12T16:37:38.172464Z
289,3,2026-07-12T16:37:48.777150Z,item_0283,8.609,,Positive,2026-07-12T16:37:48.777171Z
290,3,2026-07-12T16:38:04.892796Z,item_0284,14.159,,Neutral,2026-07-12T16:38:04.892818Z
291,3,2026-07-12T16:38:17.835910Z,item_0285,10.935,,Neutral,2026-07-12T16:38:17.835940Z
292,3,2026-07-12T16:38:24.615200Z,item_0286,4.588,,Negative,2026-07-12T16:38:24.615220Z
293,3,2026-07-12T16:38:33.043949Z,item_0287,6.358,,Neutral,2026-07-12T16:38:33.043973Z
294,3,2026-07-12T16:38:43.958871Z,item_0288,9.087,,Neutral,2026-07-12T16:38:43.958892Z
295,3,2026-07-12T16:38:56.619840Z,item_0289,10.403,,Neutral,2026-07-12T16:38:56.619862Z
296,3,2026-07-12T16:39:06.889394Z,item_0290,6.416,,Neutral,2026-07-12T16:39:06.889416Z
297,3,2026-07-12T16:39:21.210247Z,item_0291,12.347,Kurmanji,Neutral,2026-07-12T16:39:21.210273Z
298,3,2026-07-12T16:39:43.730098Z,item_0292,20.639,,Positive,2026-07-12T16:39:43.730124Z
299,3,2026-07-12T16:39:54.599085Z,item_0293,50.722,too little content,Neutral,2026-07-12T16:40:37.078212Z
300,3,2026-07-12T16:40:55.888787Z,item_0294,16.411,Kurmanji,Neutral,2026-07-12T16:40:55.888808Z
301,3,2026-07-12T16:41:04.601989Z,item_0295,6.405,,Neutral,2026-07-12T16:41:04.602009Z
302,3,2026-07-12T16:41:13.057875Z,item_0296,4.41,,Neutral,2026-07-12T16:41:13.057904Z
303,3,2026-07-12T16:41:29.971781Z,item_0297,14.97,,Neutral,2026-07-12T16:41:29.971801Z
304,3,2026-07-12T16:41:46.598708Z,item_0298,14.235,Kurmanji,Neutral,2026-07-12T16:41:46.598729Z
305,3,2026-07-12T16:41:55.671086Z,item_0299,6.837,,Neutral,2026-07-12T16:41:55.671120Z
306,3,2026-07-13T07:03:58.836506Z,item_0300,10.978,,Neutral,2026-07-13T07:03:58.836528Z
307,3,2026-07-13T07:04:41.424911Z,item_0301,28.371,Kurmanji,Neutral,2026-07-13T07:04:41.424938Z
308,3,2026-07-13T07:04:51.696232Z,item_0302,7.267,,Neutral,2026-07-13T07:04:51.696253Z
309,3,2026-07-13T07:04:59.757291Z,item_0303,5.894,,Neutral,2026-07-13T07:04:59.757311Z
310,3,2026-07-13T07:06:19.804834Z,item_0304,77.831,Incomprehensible ,Negative,2026-07-13T07:06:19.804855Z
311,3,2026-07-13T07:06:25.473013Z,item_0305,3.668,,Neutral,2026-07-13T07:06:25.473034Z
312,3,2026-07-13T07:06:35.348026Z,item_0306,7.627,,Positive,2026-07-13T07:06:35.348050Z
313,3,2026-07-13T07:06:58.685027Z,item_0307,15.033,,Neutral,2026-07-13T07:06:58.685050Z
314,3,2026-07-13T07:07:08.259432Z,item_0308,7.749,,Negative,2026-07-13T07:07:08.259452Z
315,3,2026-07-13T07:07:27.759502Z,item_0309,16.777,,Positive,2026-07-13T07:07:27.759522Z
316,3,2026-07-13T07:07:39.191968Z,item_0310,9.391,,Neutral,2026-07-13T07:07:39.191994Z
317,3,2026-07-13T07:07:49.075048Z,item_0311,7.916,,Positive,2026-07-13T07:07:49.075075Z
318,3,2026-07-13T07:08:04.691450Z,item_0312,13.288,,Neutral,2026-07-13T07:08:04.691469Z
319,3,2026-07-13T07:08:20.894254Z,item_0313,11.748,,Neutral,2026-07-13T07:08:20.894275Z
320,3,2026-07-13T07:08:30.490102Z,item_0314,7.208,,Positive,2026-07-13T07:08:30.490123Z
321,3,2026-07-13T07:08:44.220254Z,item_0315,11.492,,Positive,2026-07-13T07:08:44.220274Z
322,3,2026-07-13T07:09:09.559283Z,item_0316,22.719,,Neutral,2026-07-13T07:09:09.559304Z
323,3,2026-07-13T07:09:20.386420Z,item_0317,8.681,,Neutral,2026-07-13T07:09:20.386441Z
324,3,2026-07-13T07:09:32.948428Z,item_0318,10.511,,Negative,2026-07-13T07:09:32.948448Z
325,3,2026-07-13T07:09:47.811905Z,item_0319,12.862,,Positive,2026-07-13T07:09:47.811926Z
326,3,2026-07-13T07:09:59.306485Z,item_0320,7.835,,Neutral,2026-07-13T07:09:59.306507Z
327,3,2026-07-13T07:10:06.717133Z,item_0321,5.564,,Neutral,2026-07-13T07:10:06.717155Z
328,3,2026-07-13T07:10:14.904606Z,item_0322,6.215,,Neutral,2026-07-13T07:10:14.904627Z
329,3,2026-07-13T07:10:21.253351Z,item_0323,4.359,,Neutral,2026-07-13T07:10:21.253372Z
330,3,2026-07-13T07:10:27.057558Z,item_0324,3.894,,Neutral,2026-07-13T07:10:27.057579Z
331,3,2026-07-13T07:10:36.757318Z,item_0325,5.807,,Neutral,2026-07-13T07:10:36.757339Z
332,3,2026-07-13T07:10:53.455022Z,item_0326,14.578,,Neutral,2026-07-13T07:10:53.455042Z
333,3,2026-07-13T07:10:59.074590Z,item_0327,3.946,,Negative,2026-07-13T07:10:59.074617Z
334,3,2026-07-13T07:11:07.956477Z,item_0328,7.16,,Negative,2026-07-13T07:11:07.956498Z
335,3,2026-07-13T07:11:18.040792Z,item_0329,7.945,,Neutral,2026-07-13T07:11:18.040812Z
336,3,2026-07-13T07:11:38.921000Z,item_0330,13.65,Kurmanji,Neutral,2026-07-13T07:11:38.921020Z
337,3,2026-07-13T07:11:45.333536Z,item_0331,4.277,,Positive,2026-07-13T07:11:45.333558Z
338,3,2026-07-13T07:11:53.311364Z,item_0332,6.029,,Neutral,2026-07-13T07:11:53.311384Z
339,3,2026-07-13T07:12:00.088775Z,item_0333,4.868,,Neutral,2026-07-13T07:12:00.088797Z
340,3,2026-07-13T07:12:07.686119Z,item_0334,5.607,,Neutral,2026-07-13T07:12:07.686143Z
341,3,2026-07-13T07:18:54.669236Z,item_0335,405.022,,Negative,2026-07-13T07:18:54.669257Z
342,3,2026-07-13T07:20:44.058656Z,item_0336,105.073,,Negative,2026-07-13T07:20:44.058674Z
343,3,2026-07-13T07:22:27.107231Z,item_0337,100.025,,Neutral,2026-07-13T07:22:27.107277Z
344,3,2026-07-13T07:22:47.676321Z,item_0338,17.458,,Negative,2026-07-13T07:22:47.676346Z
345,3,2026-07-13T07:22:55.344559Z,item_0339,5.113,,Positive,2026-07-13T07:22:55.344580Z
346,3,2026-07-13T07:23:13.256935Z,item_0340,12.914,,Neutral,2026-07-13T07:23:13.256972Z
347,3,2026-07-13T07:23:21.632611Z,item_0341,6.474,,Negative,2026-07-13T07:23:21.632632Z
348,3,2026-07-13T07:23:32.084820Z,item_0342,8.386,,Positive,2026-07-13T07:23:32.084846Z
349,3,2026-07-13T07:23:42.715286Z,item_0343,8.559,,Neutral,2026-07-13T07:23:42.715306Z
350,3,2026-07-13T07:23:54.954301Z,item_0344,10.14,,Neutral,2026-07-13T07:23:54.954325Z
351,3,2026-07-13T07:24:03.038717Z,item_0345,6.337,,Neutral,2026-07-13T07:24:03.038739Z
352,3,2026-07-13T07:24:12.936078Z,item_0346,7.775,,Negative,2026-07-13T07:24:12.936098Z
353,3,2026-07-13T07:24:35.508942Z,item_0347,17.666,Kurmanji,Neutral,2026-07-13T07:24:35.508962Z
354,3,2026-07-13T07:24:50.299573Z,item_0348,12.589,,Positive,2026-07-13T07:24:50.299595Z
355,3,2026-07-13T07:25:06.463282Z,item_0349,13.881,Kurmanji,Neutral,2026-07-13T07:25:06.463304Z
356,3,2026-07-13T07:25:29.079451Z,item_0350,20.856,,Positive,2026-07-13T07:25:29.079472Z
357,3,2026-07-13T07:25:38.368485Z,item_0351,6.689,,Positive,2026-07-13T07:25:38.368514Z
358,3,2026-07-13T07:25:47.205512Z,item_0352,7.113,,Neutral,2026-07-13T07:25:47.205535Z
359,3,2026-07-13T07:26:01.164798Z,item_0353,12.257,,Positive,2026-07-13T07:26:01.164820Z
360,3,2026-07-13T07:26:10.229536Z,item_0354,7.425,,Positive,2026-07-13T07:26:10.229556Z
361,3,2026-07-13T07:26:26.879975Z,item_0355,9.538,,Neutral,2026-07-13T07:26:26.879995Z
362,3,2026-07-13T07:26:33.413113Z,item_0356,4.588,,Neutral,2026-07-13T07:26:33.413133Z
363,3,2026-07-13T07:27:15.777683Z,item_0357,40.338,,Positive,2026-07-13T07:27:15.777707Z
364,3,2026-07-13T07:27:27.099416Z,item_0358,9.631,,Neutral,2026-07-13T07:27:27.099439Z
365,3,2026-07-13T07:27:39.702822Z,item_0359,8.952,,Neutral,2026-07-13T07:27:39.702842Z
366,3,2026-07-13T07:29:04.144095Z,item_0360,82.225,,Neutral,2026-07-13T07:29:04.144115Z
367,3,2026-07-13T07:30:15.012207Z,item_0361,68.401,,Neutral,2026-07-13T07:30:15.012228Z
368,3,2026-07-13T07:30:45.980458Z,item_0362,28.736,,Neutral,2026-07-13T07:30:45.980486Z
369,3,2026-07-13T07:32:06.084594Z,item_0363,77.846,too little content ,Positive,2026-07-13T07:32:06.084614Z
370,3,2026-07-13T07:32:14.747479Z,item_0364,7.002,,Neutral,2026-07-13T07:32:14.747499Z
371,3,2026-07-13T07:32:41.972881Z,item_0365,22.417,,Negative,2026-07-13T07:32:41.972909Z
372,3,2026-07-13T07:32:47.989845Z,item_0366,4.077,,Negative,2026-07-13T07:32:47.989866Z
373,3,2026-07-13T07:32:54.568090Z,item_0367,4.903,,Negative,2026-07-13T07:32:54.568113Z
374,3,2026-07-13T07:33:03.549665Z,item_0368,4.654,,Neutral,2026-07-13T07:33:03.549693Z
375,3,2026-07-13T07:33:14.692120Z,item_0369,9.487,,Positive,2026-07-13T07:33:14.692146Z
376,3,2026-07-13T07:33:23.692427Z,item_0370,7.46,,Negative,2026-07-13T07:33:23.692455Z
377,3,2026-07-13T07:33:29.391033Z,item_0371,3.987,,Neutral,2026-07-13T07:33:29.391053Z
378,3,2026-07-13T07:33:37.656845Z,item_0372,6.614,,Positive,2026-07-13T07:33:37.656871Z
379,3,2026-07-13T07:34:11.704271Z,item_0373,31.981,,Positive,2026-07-13T07:34:11.704292Z
380,3,2026-07-13T07:34:24.527634Z,item_0374,6.419,,Neutral,2026-07-13T07:34:24.527664Z
381,3,2026-07-13T07:34:34.298458Z,item_0375,7.914,,Positive,2026-07-13T07:34:34.298480Z
382,3,2026-07-13T07:34:44.700152Z,item_0376,8.488,,Positive,2026-07-13T07:34:44.700173Z
383,3,2026-07-13T07:34:53.653548Z,item_0377,7.054,,Neutral,2026-07-13T07:34:53.653576Z
384,3,2026-07-13T07:35:00.215645Z,item_0378,4.704,,Neutral,2026-07-13T07:35:00.215668Z
385,3,2026-07-13T07:37:15.332215Z,item_0379,133.356,,Positive,2026-07-13T07:37:15.332238Z
386,3,2026-07-13T07:37:23.663641Z,item_0380,6.191,,Neutral,2026-07-13T07:37:23.663660Z
387,3,2026-07-13T07:37:30.159683Z,item_0381,4.103,,Neutral,2026-07-13T07:37:30.159714Z
388,3,2026-07-13T07:37:40.061207Z,item_0382,5.041,,Negative,2026-07-13T07:37:40.061228Z
389,3,2026-07-13T07:37:52.786960Z,item_0383,10.852,,Neutral,2026-07-13T07:37:52.786982Z
390,3,2026-07-13T07:38:01.072159Z,item_0384,6.424,,Neutral,2026-07-13T07:38:01.072179Z
391,3,2026-07-13T07:38:15.932512Z,item_0385,13.183,,Negative,2026-07-13T07:38:15.932531Z
392,3,2026-07-13T07:38:23.429135Z,item_0386,5.643,,Neutral,2026-07-13T07:38:23.429157Z
393,3,2026-07-13T07:39:06.924282Z,item_0387,8.014,,Negative,2026-07-13T07:39:06.924302Z
394,3,2026-07-13T07:39:27.072306Z,item_0388,15.54,,Neutral,2026-07-13T07:39:27.072328Z
395,3,2026-07-13T07:39:34.580517Z,item_0389,5.722,,Neutral,2026-07-13T07:39:34.580537Z
396,3,2026-07-13T07:39:41.352421Z,item_0390,5.01,,Neutral,2026-07-13T07:39:41.352450Z
397,3,2026-07-13T07:39:50.815532Z,item_0391,7.617,,Positive,2026-07-13T07:39:50.815553Z
398,3,2026-07-13T07:39:58.928967Z,item_0392,6.101,,Positive,2026-07-13T07:39:58.928988Z
399,3,2026-07-13T07:40:08.209738Z,item_0393,7.614,,Neutral,2026-07-13T07:40:08.209759Z
400,3,2026-07-13T07:40:19.830669Z,item_0394,8.472,,Neutral,2026-07-13T07:40:19.830695Z
401,3,2026-07-13T07:40:36.992601Z,item_0395,15.328,,Neutral,2026-07-13T07:40:36.992621Z
402,3,2026-07-13T07:40:46.266148Z,item_0396,7.098,,Positive,2026-07-13T07:40:46.266168Z
403,3,2026-07-13T07:40:57.269588Z,item_0397,5.931,,Neutral,2026-07-13T07:40:57.269610Z
404,3,2026-07-13T07:41:03.819329Z,item_0398,4.668,,Neutral,2026-07-13T07:41:03.819352Z
405,3,2026-07-13T07:41:12.033201Z,item_0399,6.299,,Neutral,2026-07-13T07:41:12.033221Z
406,3,2026-07-13T07:43:59.740174Z,item_0400,11.463,,Negative,2026-07-13T07:43:59.740196Z
407,3,2026-07-13T07:44:29.534721Z,item_0401,11.213,,Negative,2026-07-13T07:44:29.534741Z
408,3,2026-07-13T07:44:35.939640Z,item_0402,4.53,,Positive,2026-07-13T07:44:35.939679Z
409,3,2026-07-13T07:44:46.712516Z,item_0403,5.838,,Negative,2026-07-13T07:44:46.712543Z
410,3,2026-07-13T07:44:54.646609Z,item_0404,6.24,,Neutral,2026-07-13T07:44:54.646631Z
411,3,2026-07-13T07:45:01.795943Z,item_0405,5.467,,Neutral,2026-07-13T07:45:01.795963Z
412,3,2026-07-13T07:45:11.897834Z,item_0406,8.167,,Neutral,2026-07-13T07:45:11.897854Z
413,3,2026-07-13T07:45:17.442225Z,item_0407,3.65,,Neutral,2026-07-13T07:45:17.442245Z
414,3,2026-07-13T07:45:25.292282Z,item_0408,6.244,,Positive,2026-07-13T07:45:25.292304Z
415,3,2026-07-13T07:45:34.540047Z,item_0409,3.61,,Positive,2026-07-13T07:45:34.540074Z
416,3,2026-07-13T07:45:46.401636Z,item_0410,9.821,,Neutral,2026-07-13T07:45:46.401666Z
417,3,2026-07-13T07:45:57.331583Z,item_0411,9.565,,Positive,2026-07-13T07:45:57.331602Z
418,3,2026-07-13T07:46:10.025913Z,item_0412,10.713,,Neutral,2026-07-13T07:46:10.025932Z
419,3,2026-07-13T07:46:19.175057Z,item_0413,7.064,,Neutral,2026-07-13T07:46:19.175077Z
420,3,2026-07-13T07:46:28.127739Z,item_0414,6.997,,Neutral,2026-07-13T07:46:28.127834Z
421,3,2026-07-13T07:46:36.193697Z,item_0415,6.199,,Neutral,2026-07-13T07:46:36.193717Z
422,3,2026-07-13T07:46:46.513091Z,item_0416,8.355,,Neutral,2026-07-13T07:46:46.513111Z
423,3,2026-07-13T07:47:08.159359Z,item_0417,19.71,,Neutral,2026-07-13T07:47:08.159379Z
424,3,2026-07-13T07:47:14.748268Z,item_0418,4.756,,Neutral,2026-07-13T07:47:14.748288Z
425,3,2026-07-13T07:47:29.443673Z,item_0419,8.665,,Neutral,2026-07-13T07:47:29.443699Z
426,3,2026-07-13T07:47:43.612561Z,item_0420,12.394,,Neutral,2026-07-13T07:47:43.612581Z
427,3,2026-07-13T07:47:53.948355Z,item_0421,8.149,,Neutral,2026-07-13T07:47:53.948378Z
428,3,2026-07-13T07:48:01.077318Z,item_0422,5.463,,Neutral,2026-07-13T07:48:01.077339Z
429,3,2026-07-13T07:48:16.680745Z,item_0423,12.062,,Neutral,2026-07-13T07:48:16.680765Z
430,3,2026-07-13T07:48:25.626118Z,item_0424,6.826,,Neutral,2026-07-13T07:48:25.626137Z
431,3,2026-07-13T07:48:37.307404Z,item_0425,9.736,,Positive,2026-07-13T07:48:37.307424Z
432,3,2026-07-13T07:48:45.124452Z,item_0426,5.749,,Neutral,2026-07-13T07:48:45.124471Z
433,3,2026-07-13T07:48:53.227394Z,item_0427,6.006,,Neutral,2026-07-13T07:48:53.227414Z
434,3,2026-07-13T07:49:10.197230Z,item_0428,15.093,,Neutral,2026-07-13T07:49:10.197256Z
435,3,2026-07-13T07:49:22.880515Z,item_0429,5.581,,Neutral,2026-07-13T07:49:22.880533Z
436,3,2026-07-13T07:50:32.713164Z,item_0430,68.048,,Neutral,2026-07-13T07:50:32.713185Z
437,3,2026-07-13T07:50:55.384290Z,item_0431,20.489,Kurmanji,Neutral,2026-07-13T07:50:55.384317Z
438,3,2026-07-13T07:51:07.141748Z,item_0432,9.392,,Neutral,2026-07-13T07:51:07.141771Z
439,3,2026-07-13T07:51:14.449593Z,item_0433,5.259,,Positive,2026-07-13T07:51:14.449620Z
440,3,2026-07-13T07:51:23.349206Z,item_0434,6.7,,Positive,2026-07-13T07:51:23.349225Z
441,3,2026-07-13T07:51:31.165935Z,item_0435,5.877,,Neutral,2026-07-13T07:51:31.165962Z
442,3,2026-07-13T07:51:42.997718Z,item_0436,10.056,,Neutral,2026-07-13T07:51:42.997738Z
443,3,2026-07-13T07:51:51.263962Z,item_0437,6.606,,Negative,2026-07-13T07:51:51.263990Z
444,3,2026-07-13T07:52:01.070299Z,item_0438,7.684,,Neutral,2026-07-13T07:52:01.070321Z
445,3,2026-07-13T07:52:17.563775Z,item_0439,11.595,,Negative,2026-07-13T07:52:17.563797Z
446,3,2026-07-13T07:52:31.393474Z,item_0440,11.031,,Positive,2026-07-13T07:52:31.393495Z
447,3,2026-07-13T07:52:39.459790Z,item_0441,5.86,,Neutral,2026-07-13T07:52:39.459813Z
448,3,2026-07-13T07:53:01.042973Z,item_0442,19.849,,Negative,2026-07-13T07:53:01.042993Z
449,3,2026-07-13T07:53:10.258328Z,item_0443,5.592,,Neutral,2026-07-13T07:53:10.258349Z
450,3,2026-07-13T07:53:19.627696Z,item_0444,7.735,,Negative,2026-07-13T07:53:19.627716Z
451,3,2026-07-13T07:54:14.779600Z,item_0445,53.196,too little content,Negative,2026-07-13T07:54:14.779620Z
452,3,2026-07-13T07:54:24.245483Z,item_0446,7.508,,Positive,2026-07-13T07:54:24.245503Z
453,3,2026-07-13T07:54:37.715709Z,item_0447,11.491,,Neutral,2026-07-13T07:54:37.715732Z
454,3,2026-07-13T07:55:00.190959Z,item_0448,16.32,,Positive,2026-07-13T07:55:00.190979Z
455,3,2026-07-13T07:55:26.603559Z,item_0449,24.309,,Neutral,2026-07-13T07:55:26.603588Z
456,3,2026-07-13T07:55:39.229650Z,item_0450,11.027,Kurmanji,Neutral,2026-07-13T07:55:39.229679Z
457,3,2026-07-13T07:55:50.005693Z,item_0451,8.606,,Neutral,2026-07-13T07:55:50.005723Z
458,3,2026-07-13T07:56:31.748002Z,item_0452,40.039,,Neutral,2026-07-13T07:56:31.748030Z
459,3,2026-07-13T07:56:39.292528Z,item_0453,5.537,,Positive,2026-07-13T07:56:39.292548Z
460,3,2026-07-13T07:56:50.552595Z,item_0454,9.421,,Negative,2026-07-13T07:56:50.552616Z
461,3,2026-07-13T07:56:56.542980Z,item_0455,4.308,,Neutral,2026-07-13T07:56:56.542998Z
462,3,2026-07-13T07:57:11.490509Z,item_0456,13.274,Kurmanji,Neutral,2026-07-13T07:57:11.490535Z
463,3,2026-07-13T07:57:18.993946Z,item_0457,5.676,,Neutral,2026-07-13T07:57:18.993968Z
464,3,2026-07-13T07:57:47.635745Z,item_0458,26.487,Incomprehensible ,Positive,2026-07-13T07:57:47.635765Z
465,3,2026-07-13T07:58:51.445893Z,item_0459,58.578,too little content,Positive,2026-07-13T07:58:51.445915Z
466,3,2026-07-13T07:59:00.282438Z,item_0460,7.021,,Positive,2026-07-13T07:59:00.282460Z
467,3,2026-07-13T07:59:09.910947Z,item_0461,7.511,,Neutral,2026-07-13T07:59:09.910966Z
468,3,2026-07-13T07:59:16.739698Z,item_0462,4.989,,Neutral,2026-07-13T07:59:16.739736Z
469,3,2026-07-13T07:59:23.411155Z,item_0463,4.671,,Neutral,2026-07-13T07:59:23.411185Z
470,3,2026-07-13T07:59:31.188510Z,item_0464,5.96,,Positive,2026-07-13T07:59:31.188529Z
471,3,2026-07-13T07:59:39.790912Z,item_0465,6.822,,Neutral,2026-07-13T07:59:39.790931Z
472,3,2026-07-13T07:59:55.671295Z,item_0466,14.026,too little content,Negative,2026-07-13T07:59:55.671315Z
473,3,2026-07-13T08:00:01.974923Z,item_0467,4.112,,Positive,2026-07-13T08:00:01.974953Z
474,3,2026-07-13T08:00:12.307732Z,item_0468,8.436,,Neutral,2026-07-13T08:00:12.307818Z
475,3,2026-07-13T08:00:21.503771Z,item_0469,4.745,,Neutral,2026-07-13T08:00:21.503792Z
476,3,2026-07-13T08:00:37.723363Z,item_0470,14.347,Kurmanji,Neutral,2026-07-13T08:00:37.723386Z
477,3,2026-07-13T08:00:56.080111Z,item_0471,15.966,,Neutral,2026-07-13T08:00:56.080134Z
478,3,2026-07-13T08:01:08.165481Z,item_0472,3.308,,Neutral,2026-07-13T08:01:08.165504Z
479,3,2026-07-13T08:02:27.137940Z,item_0473,77.114,,Neutral,2026-07-13T08:02:27.137962Z
480,3,2026-07-13T08:02:36.252758Z,item_0474,7.049,,Positive,2026-07-13T08:02:36.252780Z
481,3,2026-07-13T08:02:45.314411Z,item_0475,6.849,,Neutral,2026-07-13T08:02:45.314438Z
482,3,2026-07-13T08:02:51.667987Z,item_0476,4.47,,Neutral,2026-07-13T08:02:51.668010Z
483,3,2026-07-13T08:03:01.130017Z,item_0477,4.154,,Neutral,2026-07-13T08:03:01.130037Z
484,3,2026-07-13T08:03:17.722498Z,item_0478,14.527,,Neutral,2026-07-13T08:03:17.722518Z
485,3,2026-07-13T08:03:29.315179Z,item_0479,9.735,,Neutral,2026-07-13T08:03:29.315202Z
486,3,2026-07-13T08:03:35.720502Z,item_0480,4.669,,Neutral,2026-07-13T08:03:35.720521Z
487,3,2026-07-13T08:03:43.668004Z,item_0481,6.145,,Neutral,2026-07-13T08:03:43.668026Z
488,3,2026-07-13T08:03:50.574136Z,item_0482,5.049,,Neutral,2026-07-13T08:03:50.574155Z
489,3,2026-07-13T08:04:07.635139Z,item_0483,15.378,,Neutral,2026-07-13T08:04:07.635160Z
490,3,2026-07-13T08:04:20.210766Z,item_0484,10.897,,Neutral,2026-07-13T08:04:20.210784Z
491,3,2026-07-13T08:04:31.639286Z,item_0485,9.698,,Neutral,2026-07-13T08:04:31.639314Z
492,3,2026-07-13T08:04:47.287342Z,item_0486,13.637,,Neutral,2026-07-13T08:04:47.287369Z
493,3,2026-07-13T08:05:15.376100Z,item_0487,23.285,Kurmanji,Neutral,2026-07-13T08:05:15.376120Z
494,3,2026-07-13T08:05:24.184024Z,item_0488,6.821,,Neutral,2026-07-13T08:05:24.184047Z
495,3,2026-07-13T08:05:44.164289Z,item_0489,18.182,,Neutral,2026-07-13T08:05:44.164308Z
496,3,2026-07-13T08:05:52.125663Z,item_0490,5.998,,Neutral,2026-07-13T08:05:52.125682Z
497,3,2026-07-13T08:05:59.259183Z,item_0491,5.129,,Neutral,2026-07-13T08:05:59.259204Z
498,3,2026-07-13T08:06:09.348225Z,item_0492,8.096,,Positive,2026-07-13T08:06:09.348257Z
499,3,2026-07-13T08:06:19.431462Z,item_0493,8.195,,Positive,2026-07-13T08:06:19.431484Z
500,3,2026-07-13T08:06:28.273609Z,item_0494,7.104,,Neutral,2026-07-13T08:06:28.273629Z
501,3,2026-07-13T08:06:35.689542Z,item_0495,5.613,,Neutral,2026-07-13T08:06:35.689562Z
502,3,2026-07-13T08:06:45.684817Z,item_0496,6.198,,Positive,2026-07-13T08:06:45.684836Z
503,3,2026-07-13T08:06:58.777404Z,item_0497,10.949,,Negative,2026-07-13T08:06:58.777425Z
504,3,2026-07-13T08:07:30.832103Z,item_0498,29.96,,Neutral,2026-07-13T08:07:30.832122Z
505,3,2026-07-13T08:07:42.668924Z,item_0499,9.826,,Neutral,2026-07-13T08:07:42.668943Z
506,3,2026-07-13T08:46:31.909283Z,item_0500,9.402,,Negative,2026-07-13T08:46:31.909301Z
507,3,2026-07-13T08:46:54.200253Z,item_0501,11.115,,Positive,2026-07-13T08:46:54.200271Z
508,3,2026-07-13T08:47:03.661894Z,item_0502,7.468,,Negative,2026-07-13T08:47:03.661916Z
509,3,2026-07-13T08:47:13.743490Z,item_0503,8.449,,Positive,2026-07-13T08:47:13.743509Z
510,3,2026-07-13T08:47:59.288545Z,item_0504,43.797,,Neutral,2026-07-13T08:47:59.288565Z
511,3,2026-07-13T08:48:15.159517Z,item_0505,65.224,,Neutral,2026-07-13T08:49:07.417122Z
512,3,2026-07-13T08:49:14.843551Z,item_0506,5.617,,Neutral,2026-07-13T08:49:14.843571Z
513,3,2026-07-13T08:49:21.326601Z,item_0507,4.919,,Neutral,2026-07-13T08:49:21.326622Z
514,3,2026-07-13T08:49:39.174746Z,item_0508,13.234,Kurmanji,Neutral,2026-07-13T08:49:39.174770Z
515,3,2026-07-13T08:49:46.392090Z,item_0509,5.435,,Neutral,2026-07-13T08:49:46.392110Z
516,3,2026-07-13T08:49:57.305933Z,item_0510,7.415,,Neutral,2026-07-13T08:49:57.305952Z
517,3,2026-07-13T08:50:05.488988Z,item_0511,6.449,,Neutral,2026-07-13T08:50:05.489008Z
518,3,2026-07-13T08:50:11.822370Z,item_0512,4.444,,Neutral,2026-07-13T08:50:11.822390Z
519,3,2026-07-13T08:50:19.332117Z,item_0513,5.881,,Positive,2026-07-13T08:50:19.332139Z
520,3,2026-07-13T08:50:28.729826Z,item_0514,7.429,,Neutral,2026-07-13T08:50:28.729847Z
521,3,2026-07-13T08:50:37.578698Z,item_0515,7.169,,Neutral,2026-07-13T08:50:37.578718Z
522,3,2026-07-13T08:50:48.337890Z,item_0516,5.44,,Positive,2026-07-13T08:50:48.337917Z
523,3,2026-07-13T08:50:58.014233Z,item_0517,7.686,,Neutral,2026-07-13T08:50:58.014253Z
524,3,2026-07-13T08:51:14.454655Z,item_0518,14.631,too little content,Negative,2026-07-13T08:51:14.454674Z
525,3,2026-07-13T08:51:29.938915Z,item_0519,13.412,Kurmanji,Neutral,2026-07-13T08:51:29.938934Z
526,3,2026-07-13T08:51:38.676285Z,item_0520,6.779,,Positive,2026-07-13T08:51:38.676304Z
527,3,2026-07-13T08:51:45.381946Z,item_0521,4.638,,Negative,2026-07-13T08:51:45.381965Z
528,3,2026-07-13T08:51:52.891417Z,item_0522,5.761,,Positive,2026-07-13T08:51:52.891444Z
529,3,2026-07-13T08:52:33.460899Z,item_0523,31.856,incomprehensible,Negative,2026-07-13T08:52:33.460919Z
530,3,2026-07-13T08:52:44.574153Z,item_0524,9.329,,Neutral,2026-07-13T08:52:44.574173Z
531,3,2026-07-13T08:52:59.169619Z,item_0525,8.625,,Positive,2026-07-13T08:52:59.169640Z
532,3,2026-07-13T08:53:10.302749Z,item_0526,9.204,,Negative,2026-07-13T08:53:10.302770Z
533,3,2026-07-13T08:53:18.312734Z,item_0527,5.036,,Neutral,2026-07-13T08:53:18.312753Z
534,3,2026-07-13T08:53:30.058175Z,item_0528,9.745,,Positive,2026-07-13T08:53:30.058199Z
535,3,2026-07-13T08:53:43.157950Z,item_0529,10.83,,Neutral,2026-07-13T08:53:43.157972Z
536,3,2026-07-13T08:53:53.564315Z,item_0530,7.659,,Positive,2026-07-13T08:53:53.564340Z
537,3,2026-07-13T08:53:59.614292Z,item_0531,4.292,,Neutral,2026-07-13T08:53:59.614311Z
538,3,2026-07-13T08:54:05.603783Z,item_0532,4.313,,Neutral,2026-07-13T08:54:05.603802Z
539,3,2026-07-13T08:54:26.138320Z,item_0533,18.933,Incomprehensible,Positive,2026-07-13T08:54:26.138339Z
540,3,2026-07-13T08:54:34.746872Z,item_0534,6.642,,Neutral,2026-07-13T08:54:34.746892Z
541,3,2026-07-13T08:54:46.360647Z,item_0535,7.523,,Negative,2026-07-13T08:54:46.360675Z
542,3,2026-07-13T08:54:55.454331Z,item_0536,7.284,,Neutral,2026-07-13T08:54:55.454351Z
543,3,2026-07-13T08:55:03.524541Z,item_0537,6.208,,Negative,2026-07-13T08:55:03.524562Z
544,3,2026-07-13T08:55:13.785857Z,item_0538,8.475,,Neutral,2026-07-13T08:55:13.785876Z
545,3,2026-07-13T08:55:25.140079Z,item_0539,9.584,,Positive,2026-07-13T08:55:25.140103Z
546,3,2026-07-13T08:55:39.690560Z,item_0540,12.917,,Neutral,2026-07-13T08:55:39.690580Z
547,3,2026-07-13T08:55:45.662442Z,item_0541,4.276,,Neutral,2026-07-13T08:55:45.662462Z
548,3,2026-07-13T08:55:54.173442Z,item_0542,6.639,,Neutral,2026-07-13T08:55:54.173462Z
549,3,2026-07-13T08:56:08.151901Z,item_0543,12.273,,Negative,2026-07-13T08:56:08.151920Z
550,3,2026-07-13T08:56:19.365351Z,item_0544,6.466,,Neutral,2026-07-13T08:56:19.365371Z
551,3,2026-07-13T08:56:26.471810Z,item_0545,5.235,,Neutral,2026-07-13T08:56:26.471828Z
552,3,2026-07-13T08:56:52.204122Z,item_0546,23.951,,Negative,2026-07-13T08:56:52.204141Z
553,3,2026-07-13T08:57:00.370207Z,item_0547,6.357,,Neutral,2026-07-13T08:57:00.370227Z
554,3,2026-07-13T08:57:18.593096Z,item_0548,465.642,,Neutral,2026-07-13T09:04:48.501387Z
555,3,2026-07-13T09:04:57.888373Z,item_0549,7.324,,Neutral,2026-07-13T09:04:57.888401Z
556,3,2026-07-13T09:05:33.545959Z,item_0550,33.891,incomprehensible,Negative,2026-07-13T09:05:33.545978Z
557,3,2026-07-13T09:06:18.753363Z,item_0551,5.423,,Neutral,2026-07-13T09:06:18.753392Z
558,3,2026-07-13T09:06:27.827129Z,item_0552,7.296,,Neutral,2026-07-13T09:06:27.827148Z
559,3,2026-07-13T09:06:34.651931Z,item_0553,4.858,,Neutral,2026-07-13T09:06:34.651954Z
560,3,2026-07-13T09:06:48.891229Z,item_0554,9.65,,Neutral,2026-07-13T09:06:48.891249Z
561,3,2026-07-13T09:06:56.703326Z,item_0555,5.934,,Neutral,2026-07-13T09:06:56.703355Z
562,3,2026-07-13T09:07:18.568131Z,item_0556,20.17,too little content,Neutral,2026-07-13T09:07:18.568149Z
563,3,2026-07-13T09:07:26.647822Z,item_0557,6.071,,Neutral,2026-07-13T09:07:26.647841Z
564,3,2026-07-13T09:07:32.788445Z,item_0558,4.314,,Positive,2026-07-13T09:07:32.788467Z
565,3,2026-07-13T09:07:40.479898Z,item_0559,6.048,,Neutral,2026-07-13T09:07:40.479917Z
566,3,2026-07-13T09:07:48.791389Z,item_0560,6.705,,Positive,2026-07-13T09:07:48.791407Z
567,3,2026-07-13T09:07:59.803718Z,item_0561,9.363,,Positive,2026-07-13T09:07:59.803737Z
568,3,2026-07-13T09:08:09.813064Z,item_0562,8.252,,Negative,2026-07-13T09:08:09.813085Z
569,3,2026-07-13T09:08:17.268810Z,item_0563,5.85,,Neutral,2026-07-13T09:08:17.268830Z
570,3,2026-07-13T09:10:46.944887Z,item_0564,145.83,,Neutral,2026-07-13T09:10:46.944912Z
571,3,2026-07-13T09:10:58.258159Z,item_0565,9.418,,Neutral,2026-07-13T09:10:58.258179Z
572,3,2026-07-13T09:11:10.496545Z,item_0566,10.241,,Neutral,2026-07-13T09:11:10.496564Z
573,3,2026-07-13T09:11:16.837950Z,item_0567,4.593,,Positive,2026-07-13T09:11:16.837977Z
574,3,2026-07-13T09:11:23.826432Z,item_0568,5.419,,Neutral,2026-07-13T09:11:23.826452Z
575,3,2026-07-13T09:12:33.780942Z,item_0569,68.344,Repetitive ,Positive,2026-07-13T09:12:33.780962Z
576,3,2026-07-13T09:12:46.869292Z,item_0570,10.514,,Neutral,2026-07-13T09:12:46.869313Z
577,3,2026-07-13T09:12:54.988510Z,item_0571,6.173,,Neutral,2026-07-13T09:12:54.988530Z
578,3,2026-07-13T09:13:11.078349Z,item_0572,9.035,,Negative,2026-07-13T09:13:11.078369Z
579,3,2026-07-13T09:13:19.350089Z,item_0573,6.585,,Negative,2026-07-13T09:13:19.350110Z
580,3,2026-07-13T09:13:28.190481Z,item_0574,7.161,,Neutral,2026-07-13T09:13:28.190502Z
581,3,2026-07-13T09:13:36.743416Z,item_0575,6.948,,Neutral,2026-07-13T09:13:36.743435Z
582,3,2026-07-13T09:13:50.184367Z,item_0576,11.711,Kurmanji,Neutral,2026-07-13T09:13:50.184387Z
583,3,2026-07-13T09:14:15.909962Z,item_0577,24.03,,Negative,2026-07-13T09:14:15.909981Z
584,3,2026-07-13T09:14:28.004255Z,item_0578,6.785,,Negative,2026-07-13T09:14:28.004274Z
585,3,2026-07-13T09:14:35.922179Z,item_0579,6.297,,Positive,2026-07-13T09:14:35.922199Z
586,3,2026-07-13T09:14:56.239772Z,item_0580,18.256,too little content,Positive,2026-07-13T09:14:56.239794Z
587,3,2026-07-13T09:15:29.278819Z,item_0581,31.023,"Sarcasm, mixed",Negative,2026-07-13T09:15:29.278838Z
588,3,2026-07-13T09:15:42.390376Z,item_0582,6.984,,Neutral,2026-07-13T09:15:42.390392Z
589,3,2026-07-13T09:16:30.221521Z,item_0583,46.217,too little content,Positive,2026-07-13T09:16:30.221540Z
590,3,2026-07-13T09:16:45.354574Z,item_0584,13.326,,Neutral,2026-07-13T09:16:45.354594Z
591,3,2026-07-13T09:16:53.566312Z,item_0585,6.525,,Neutral,2026-07-13T09:16:53.566337Z
592,3,2026-07-13T09:17:00.630341Z,item_0586,4.913,,Neutral,2026-07-13T09:17:00.630360Z
593,3,2026-07-13T09:17:18.083357Z,item_0587,15.524,,Negative,2026-07-13T09:17:18.083377Z
594,3,2026-07-13T09:17:26.498125Z,item_0588,6.925,,Neutral,2026-07-13T09:17:26.498144Z
595,3,2026-07-13T09:17:48.031084Z,item_0589,19.366,,Neutral,2026-07-13T09:17:48.031103Z
596,3,2026-07-13T09:18:02.301500Z,item_0590,12.241,,Neutral,2026-07-13T09:18:02.301521Z
597,3,2026-07-13T09:18:09.363342Z,item_0591,5.214,,Neutral,2026-07-13T09:18:09.363362Z
598,3,2026-07-13T09:18:19.849643Z,item_0592,8.88,,Neutral,2026-07-13T09:18:19.849669Z
599,3,2026-07-13T09:18:27.682009Z,item_0593,6.061,,Neutral,2026-07-13T09:18:27.682029Z
600,3,2026-07-13T09:18:36.927807Z,item_0594,7.685,,Neutral,2026-07-13T09:18:36.927827Z
601,3,2026-07-13T09:18:43.813806Z,item_0595,5.039,,Negative,2026-07-13T09:18:43.813825Z
602,3,2026-07-13T09:18:52.817798Z,item_0596,7.321,,Neutral,2026-07-13T09:18:52.817818Z
603,3,2026-07-13T09:19:10.527916Z,item_0597,16.002,Kurmanji,Neutral,2026-07-13T09:19:10.527936Z
604,3,2026-07-13T09:19:20.213472Z,item_0598,7.919,,Neutral,2026-07-13T09:19:20.213491Z
605,3,2026-07-13T09:20:41.878681Z,item_0599,76.259,,Neutral,2026-07-13T09:20:41.878699Z
606,3,2026-07-13T09:21:48.059945Z,item_0600,8.664,,Neutral,2026-07-13T09:21:48.059963Z
607,3,2026-07-13T09:22:25.822076Z,item_0601,11.125,Kurmanji,Neutral,2026-07-13T09:22:25.822095Z
608,3,2026-07-13T09:22:32.011968Z,item_0602,4.428,,Neutral,2026-07-13T09:22:32.011988Z
609,3,2026-07-13T09:22:37.265692Z,item_0603,3.396,,Neutral,2026-07-13T09:22:37.265809Z
610,3,2026-07-13T09:22:47.213209Z,item_0604,4.764,,Positive,2026-07-13T09:22:47.213228Z
611,3,2026-07-13T09:22:55.235025Z,item_0605,6.282,,Negative,2026-07-13T09:22:55.235046Z
612,3,2026-07-13T09:23:02.496338Z,item_0606,5.563,,Neutral,2026-07-13T09:23:02.496357Z
613,3,2026-07-13T09:23:10.191928Z,item_0607,6.062,,Positive,2026-07-13T09:23:10.191946Z
614,3,2026-07-13T09:23:17.117835Z,item_0608,5.189,,Neutral,2026-07-13T09:23:17.117859Z
615,3,2026-07-13T09:23:26.434051Z,item_0609,7.481,,Neutral,2026-07-13T09:23:26.434071Z
616,3,2026-07-13T09:23:40.865025Z,item_0610,12.482,,Neutral,2026-07-13T09:23:40.865050Z
617,3,2026-07-13T09:23:47.873374Z,item_0611,5.116,,Neutral,2026-07-13T09:23:47.873395Z
618,3,2026-07-13T09:23:55.048377Z,item_0612,5.443,,Neutral,2026-07-13T09:23:55.048395Z
619,3,2026-07-13T09:24:03.699973Z,item_0613,4.88,,Neutral,2026-07-13T09:24:03.699993Z
620,3,2026-07-13T09:24:09.361784Z,item_0614,3.93,,Positive,2026-07-13T09:24:09.361803Z
621,3,2026-07-13T09:24:20.063543Z,item_0615,8.829,,Neutral,2026-07-13T09:24:20.063562Z
622,3,2026-07-13T09:24:30.195544Z,item_0616,7.337,,Neutral,2026-07-13T09:24:30.195576Z
623,3,2026-07-13T09:24:36.367219Z,item_0617,4.226,,Negative,2026-07-13T09:24:36.367239Z
624,3,2026-07-13T09:24:44.316765Z,item_0618,6.249,,Neutral,2026-07-13T09:24:44.316785Z
625,3,2026-07-13T09:25:11.402572Z,item_0619,25.031,"Sarcasm, mixed",Negative,2026-07-13T09:25:11.402592Z
626,3,2026-07-13T09:26:05.265413Z,item_0620,43.955,too little content,Negative,2026-07-13T09:26:05.265433Z
627,3,2026-07-13T09:26:22.303620Z,item_0621,14.506,Kurmanji,Neutral,2026-07-13T09:26:22.303640Z
628,3,2026-07-13T09:26:31.142462Z,item_0622,7.275,,Neutral,2026-07-13T09:26:31.142482Z
629,3,2026-07-13T09:26:41.369157Z,item_0623,6.331,,Neutral,2026-07-13T09:26:41.369175Z
630,3,2026-07-13T09:26:49.364080Z,item_0624,6.299,,Positive,2026-07-13T09:26:49.364098Z
631,3,2026-07-13T09:26:58.988343Z,item_0625,7.928,,Neutral,2026-07-13T09:26:58.988361Z
632,3,2026-07-13T09:27:37.370543Z,item_0626,36.787,"Kurmanji, incomprehensible ",Neutral,2026-07-13T09:27:37.370561Z
633,3,2026-07-13T09:27:45.053220Z,item_0627,5.941,,Neutral,2026-07-13T09:27:45.053238Z
634,3,2026-07-13T09:27:57.392540Z,item_0628,10.55,,Neutral,2026-07-13T09:27:57.392559Z
635,3,2026-07-13T09:28:03.863356Z,item_0629,4.508,,Neutral,2026-07-13T09:28:03.863377Z
636,3,2026-07-13T09:28:10.706348Z,item_0630,5.086,,Neutral,2026-07-13T09:28:10.706370Z
637,3,2026-07-13T09:28:18.494006Z,item_0631,6.119,,Positive,2026-07-13T09:28:18.494026Z
638,3,2026-07-13T09:28:29.339014Z,item_0632,5.987,,Neutral,2026-07-13T09:28:29.339042Z
639,3,2026-07-13T09:28:45.825958Z,item_0633,14.827,,Negative,2026-07-13T09:28:45.825976Z
640,3,2026-07-13T09:28:53.595745Z,item_0634,6.028,,Negative,2026-07-13T09:28:53.595764Z
641,3,2026-07-13T09:29:00.435023Z,item_0635,5.117,,Neutral,2026-07-13T09:29:00.435042Z
642,3,2026-07-13T09:30:08.408191Z,item_0636,66.296,"sarcasm, mixed ",Negative,2026-07-13T09:30:08.408209Z
643,3,2026-07-13T09:30:15.520790Z,item_0637,4.715,,Neutral,2026-07-13T09:30:15.520810Z
644,3,2026-07-13T09:30:25.784212Z,item_0638,8.392,,Positive,2026-07-13T09:30:25.784231Z
645,3,2026-07-13T09:30:40.300900Z,item_0639,12.866,,Neutral,2026-07-13T09:30:40.300925Z
646,3,2026-07-13T09:30:47.039969Z,item_0640,4.964,,Positive,2026-07-13T09:30:47.039988Z
647,3,2026-07-13T09:31:00.345097Z,item_0641,11.517,too little content,Neutral,2026-07-13T09:31:00.345116Z
648,3,2026-07-13T09:31:13.458791Z,item_0642,8.353,,Neutral,2026-07-13T09:31:13.458812Z
649,3,2026-07-13T09:31:20.495822Z,item_0643,5.217,,Neutral,2026-07-13T09:31:20.495841Z
650,3,2026-07-13T09:31:33.895085Z,item_0644,11.668,,Neutral,2026-07-13T09:31:33.895105Z
651,3,2026-07-13T09:31:40.333334Z,item_0645,4.908,,Positive,2026-07-13T09:31:40.333354Z
652,3,2026-07-13T09:31:49.351736Z,item_0646,7.183,,Neutral,2026-07-13T09:31:49.351756Z
653,3,2026-07-13T09:31:58.900847Z,item_0647,7.447,,Negative,2026-07-13T09:31:58.900873Z
654,3,2026-07-13T09:32:07.571775Z,item_0648,6.857,,Neutral,2026-07-13T09:32:07.571794Z
655,3,2026-07-13T09:32:26.605513Z,item_0649,17.341,,Neutral,2026-07-13T09:32:26.605541Z
656,3,2026-07-13T09:32:48.741277Z,item_0650,20.264,,Positive,2026-07-13T09:32:48.741297Z
657,3,2026-07-13T09:32:56.407444Z,item_0651,5.638,,Neutral,2026-07-13T09:32:56.407462Z
658,3,2026-07-13T09:33:06.224188Z,item_0652,5.606,,Positive,2026-07-13T09:33:06.224207Z
659,3,2026-07-13T09:33:16.677949Z,item_0653,8.29,,Negative,2026-07-13T09:33:16.677968Z
660,3,2026-07-13T09:33:27.007227Z,item_0654,8.111,,Negative,2026-07-13T09:33:27.007246Z
661,3,2026-07-13T09:33:35.318392Z,item_0655,6.574,,Neutral,2026-07-13T09:33:35.318412Z
662,3,2026-07-13T09:33:47.153846Z,item_0656,10.189,,Positive,2026-07-13T09:33:47.153868Z
663,3,2026-07-13T09:34:00.568510Z,item_0657,11.809,,Negative,2026-07-13T09:34:00.568529Z
664,3,2026-07-13T09:34:09.648660Z,item_0658,7.283,,Neutral,2026-07-13T09:34:09.648680Z
665,3,2026-07-13T09:34:19.484491Z,item_0659,8.244,,Neutral,2026-07-13T09:34:19.484518Z
666,3,2026-07-13T09:34:26.183713Z,item_0660,4.856,,Neutral,2026-07-13T09:34:26.183731Z
667,3,2026-07-13T09:35:43.823233Z,item_0661,72.151,"Saecasm, too little content",Negative,2026-07-13T09:35:43.823252Z
668,3,2026-07-13T09:35:49.921133Z,item_0662,3.842,,Positive,2026-07-13T09:35:49.921154Z
669,3,2026-07-13T09:36:05.494665Z,item_0663,13.568,,Negative,2026-07-13T09:36:05.494684Z
670,3,2026-07-13T09:36:17.514984Z,item_0664,10.38,,Positive,2026-07-13T09:36:17.515005Z
671,3,2026-07-13T09:36:27.327681Z,item_0665,7.933,,Positive,2026-07-13T09:36:27.327700Z
672,3,2026-07-13T09:36:34.683562Z,item_0666,5.699,,Neutral,2026-07-13T09:36:34.683591Z
673,3,2026-07-13T09:36:45.877348Z,item_0667,9.658,,Negative,2026-07-13T09:36:45.877368Z
674,3,2026-07-13T09:36:51.240307Z,item_0668,3.622,,Neutral,2026-07-13T09:36:51.240326Z
675,3,2026-07-13T09:36:58.291917Z,item_0669,5.562,,Negative,2026-07-13T09:36:58.291936Z
676,3,2026-07-13T09:37:14.387107Z,item_0670,14.297,,Positive,2026-07-13T09:37:14.387138Z
677,3,2026-07-13T09:37:28.177825Z,item_0671,8.753,,Positive,2026-07-13T09:37:28.177844Z
678,3,2026-07-13T09:37:45.451809Z,item_0672,15.486,,Positive,2026-07-13T09:37:45.451832Z
679,3,2026-07-13T09:38:04.149500Z,item_0673,17.048,,Neutral,2026-07-13T09:38:04.149519Z
680,3,2026-07-13T09:40:50.286659Z,item_0674,164.42,,Neutral,2026-07-13T09:40:50.286684Z
681,3,2026-07-13T09:41:01.010867Z,item_0675,5.633,,Neutral,2026-07-13T09:41:01.010894Z
682,3,2026-07-13T09:41:08.208645Z,item_0676,5.413,,Neutral,2026-07-13T09:41:08.208668Z
683,3,2026-07-13T09:41:34.647473Z,item_0677,24.878,incomprehensible,Neutral,2026-07-13T09:41:34.647493Z
684,3,2026-07-13T09:41:50.342175Z,item_0678,10.678,,Neutral,2026-07-13T09:41:50.342195Z
685,3,2026-07-13T09:41:56.133632Z,item_0679,3.729,,Positive,2026-07-13T09:41:56.133651Z
686,3,2026-07-13T09:42:07.172956Z,item_0680,9.182,,Positive,2026-07-13T09:42:07.172975Z
687,3,2026-07-13T09:42:13.257838Z,item_0681,4.282,,Neutral,2026-07-13T09:42:13.257858Z
688,3,2026-07-13T09:42:26.992235Z,item_0682,12.215,,Negative,2026-07-13T09:42:26.992256Z
689,3,2026-07-13T09:43:57.625289Z,item_0683,84.926,,Neutral,2026-07-13T09:43:57.625308Z
690,3,2026-07-13T09:44:22.719382Z,item_0684,22.98,,Neutral,2026-07-13T09:44:22.719401Z
691,3,2026-07-13T09:44:32.528839Z,item_0685,7.632,,Neutral,2026-07-13T09:44:32.528859Z
692,3,2026-07-13T09:44:51.108638Z,item_0686,14.887,,Negative,2026-07-13T09:44:51.108658Z
693,3,2026-07-13T09:45:34.323851Z,item_0687,4.362,,Negative,2026-07-13T09:45:34.323870Z
694,3,2026-07-13T09:45:41.472493Z,item_0688,5.03,,Neutral,2026-07-13T09:45:41.472513Z
695,3,2026-07-13T09:45:46.129554Z,item_0689,2.796,,Neutral,2026-07-13T09:45:46.129573Z
696,3,2026-07-13T09:45:53.968266Z,item_0690,5.979,,Neutral,2026-07-13T09:45:53.968285Z
697,3,2026-07-13T09:46:10.724077Z,item_0691,10.762,,Neutral,2026-07-13T09:46:10.724102Z
698,3,2026-07-13T09:46:21.184883Z,item_0692,8.679,,Positive,2026-07-13T09:46:21.184906Z
699,3,2026-07-13T09:46:32.411342Z,item_0693,8.928,,Neutral,2026-07-13T09:46:32.411362Z
700,3,2026-07-13T09:46:40.685252Z,item_0694,6.212,,Negative,2026-07-13T09:46:40.685271Z
701,3,2026-07-13T09:46:50.361591Z,item_0695,7.727,,Neutral,2026-07-13T09:46:50.361609Z
702,3,2026-07-13T09:47:02.500749Z,item_0696,10.011,,Negative,2026-07-13T09:47:02.500767Z
703,3,2026-07-13T09:47:11.142012Z,item_0697,6.743,,Neutral,2026-07-13T09:47:11.142031Z
704,3,2026-07-13T09:47:19.570648Z,item_0698,6.496,,Neutral,2026-07-13T09:47:19.570668Z
705,3,2026-07-13T09:47:28.588700Z,item_0699,5.444,,Neutral,2026-07-13T09:47:28.588719Z
706,3,2026-07-13T09:47:45.500813Z,item_0700,14.877,Kurmanji,Neutral,2026-07-13T09:47:45.500838Z
707,3,2026-07-13T09:47:54.305439Z,item_0701,6.524,,Neutral,2026-07-13T09:47:54.305457Z
708,3,2026-07-13T09:48:04.471824Z,item_0702,8.544,,Positive,2026-07-13T09:48:04.471844Z
709,3,2026-07-13T09:48:11.343341Z,item_0703,5.077,,Neutral,2026-07-13T09:48:11.343361Z
710,3,2026-07-13T09:48:26.672165Z,item_0704,10.443,,Positive,2026-07-13T09:48:26.672185Z
711,3,2026-07-13T09:48:41.222057Z,item_0705,12.411,repetitive ,Positive,2026-07-13T09:48:41.222076Z
712,3,2026-07-13T09:48:49.969918Z,item_0706,6.525,,Neutral,2026-07-13T09:48:49.969938Z
713,3,2026-07-13T09:48:57.562729Z,item_0707,5.661,,Neutral,2026-07-13T09:48:57.562748Z
714,3,2026-07-13T09:49:18.448782Z,item_0708,19.411,too little content,Negative,2026-07-13T09:49:18.448802Z
715,3,2026-07-13T09:49:29.026477Z,item_0709,8.841,Kurmanj,Neutral,2026-07-13T09:49:29.026496Z
716,3,2026-07-13T09:49:43.909493Z,item_0710,12.594,Kurmanji,Neutral,2026-07-13T09:49:43.909513Z
717,3,2026-07-13T09:49:51.367262Z,item_0711,5.357,,Positive,2026-07-13T09:49:51.367282Z
718,3,2026-07-13T09:50:01.746131Z,item_0712,4.526,,Neutral,2026-07-13T09:50:01.746150Z
719,3,2026-07-13T09:50:09.238859Z,item_0713,5.674,,Neutral,2026-07-13T09:50:09.238879Z
720,3,2026-07-13T09:50:17.989177Z,item_0714,6.891,,Negative,2026-07-13T09:50:17.989197Z
721,3,2026-07-13T09:50:25.900409Z,item_0715,6.188,,Negative,2026-07-13T09:50:25.900433Z
722,3,2026-07-13T09:50:31.981678Z,item_0716,4.09,,Positive,2026-07-13T09:50:31.981696Z
723,3,2026-07-13T09:50:39.921379Z,item_0717,6.073,,Negative,2026-07-13T09:50:39.921400Z
724,3,2026-07-13T09:50:47.956788Z,item_0718,6.089,,Positive,2026-07-13T09:50:47.956808Z
725,3,2026-07-13T09:50:59.837208Z,item_0719,9.973,,Neutral,2026-07-13T09:50:59.837236Z
726,3,2026-07-13T09:51:11.089099Z,item_0720,9.324,,Neutral,2026-07-13T09:51:11.089119Z
727,3,2026-07-13T09:51:18.475741Z,item_0721,5.29,,Neutral,2026-07-13T09:51:18.475762Z
728,3,2026-07-13T09:51:31.106361Z,item_0722,10.356,,Neutral,2026-07-13T09:51:31.106381Z
729,3,2026-07-13T09:52:01.470876Z,item_0723,28.209,incomprehensible,Negative,2026-07-13T09:52:01.470895Z
730,3,2026-07-13T09:52:18.122182Z,item_0724,14.684,,Neutral,2026-07-13T09:52:18.122201Z
731,3,2026-07-13T09:52:28.441833Z,item_0725,8.118,,Neutral,2026-07-13T09:52:28.441854Z
732,3,2026-07-13T09:52:37.307025Z,item_0726,6.778,,Positive,2026-07-13T09:52:37.307045Z
733,3,2026-07-13T09:52:46.522311Z,item_0727,3.967,,Neutral,2026-07-13T09:52:46.522331Z
734,3,2026-07-13T09:52:54.693239Z,item_0728,6.152,,Positive,2026-07-13T09:52:54.693258Z
735,3,2026-07-13T09:53:02.139805Z,item_0729,5.348,,Neutral,2026-07-13T09:53:02.139825Z
736,3,2026-07-13T09:53:08.743103Z,item_0730,4.835,,Neutral,2026-07-13T09:53:08.743129Z
737,3,2026-07-13T09:53:18.513667Z,item_0731,7.534,,Neutral,2026-07-13T09:53:18.513692Z
738,3,2026-07-13T09:53:25.410770Z,item_0732,5.064,,Neutral,2026-07-13T09:53:25.410789Z
739,3,2026-07-13T09:53:35.668873Z,item_0733,8.149,,Neutral,2026-07-13T09:53:35.668893Z
740,3,2026-07-13T09:53:47.915014Z,item_0734,10.621,Kurmanji,Neutral,2026-07-13T09:53:47.915034Z
741,3,2026-07-13T09:53:56.339537Z,item_0735,4.337,,Neutral,2026-07-13T09:53:56.339557Z
742,3,2026-07-13T09:54:09.267409Z,item_0736,11.157,,Negative,2026-07-13T09:54:09.267430Z
743,3,2026-07-13T09:54:20.010014Z,item_0737,8.742,,Neutral,2026-07-13T09:54:20.010033Z
744,3,2026-07-13T09:54:31.809910Z,item_0738,9.736,,Neutral,2026-07-13T09:54:31.809930Z
745,3,2026-07-13T09:54:40.368213Z,item_0739,7.019,,Neutral,2026-07-13T09:54:40.368234Z
746,3,2026-07-13T09:54:46.551972Z,item_0740,4.319,,Positive,2026-07-13T09:54:46.551991Z
747,3,2026-07-13T09:54:55.772924Z,item_0741,7.486,,Positive,2026-07-13T09:54:55.772943Z
748,3,2026-07-13T09:55:04.647131Z,item_0742,7.069,,Neutral,2026-07-13T09:55:04.647151Z
749,3,2026-07-13T09:55:21.115178Z,item_0743,14.744,Kurmanji,Neutral,2026-07-13T09:55:21.115202Z
750,3,2026-07-13T09:55:33.338834Z,item_0744,10.163,,Positive,2026-07-13T09:55:33.338853Z
