id,category,arm,arm_eval,evaluated,is_audit,gold_label,label_A,label_B
item_0000,news,representative,representative,True,0,Negative,Neutral,Neutral
item_0001,news,representative,representative,True,0,Negative,Neutral,Neutral
item_0002,art,representative,representative,True,0,Positive,Neutral,Positive
item_0003,art,audit,audit,False,1,Neutral,Negative,Neutral
item_0004,art,representative,representative,True,0,Positive,Positive,Positive
item_0005,social,representative,representative,True,0,Negative,Neutral,Neutral
item_0006,social,representative,representative,True,0,Positive,Positive,Positive
item_0007,news,news_topup,news_topup,True,0,Negative,Neutral,Neutral
item_0008,news,news_topup,news_topup,True,0,Negative,Neutral,Neutral
item_0009,social,representative,representative,True,0,Negative,Negative,Negative
item_0010,news,audit,audit,False,1,Negative,Positive,Positive
item_0011,social,representative,representative,True,0,Positive,Positive,Positive
item_0012,social,representative,representative,True,0,Positive,Positive,Positive
item_0013,social,representative,representative,True,0,Negative,Negative,Negative
item_0014,news,representative,representative,True,0,Neutral,Neutral,Neutral
item_0015,art,representative,representative,True,0,Positive,Positive,Positive
item_0016,news,representative,representative,True,0,Neutral,Neutral,Neutral
item_0017,news,news_topup,news_topup,True,0,Neutral,Neutral,Neutral
item_0018,news,news_topup,news_topup,True,0,Positive,Neutral,Neutral
item_0019,social,representative,representative,True,0,Positive,Positive,Positive
item_0020,news,audit,audit,False,1,Negative,Neutral,Neutral
item_0021,social,representative,representative,True,0,Positive,Positive,Positive
item_0022,news,news_topup,news_topup,True,0,Neutral,Neutral,Neutral
item_0023,social,audit,audit,False,1,Negative,Positive,Positive
item_0024,social,representative,representative,True,0,Positive,Negative,Negative
item_0025,news,audit,audit,False,1,Negative,Negative,Negative
item_0026,news,audit,audit,False,1,Negative,Neutral,Neutral
item_0027,social,representative,representative,True,0,Neutral,Neutral,Neutral
item_0028,news,representative,representative,True,0,Neutral,Neutral,Neutral
item_0029,news,representative,representative,True,0,Neutral,Neutral,Neutral
item_0030,social,representative,representative,True,0,Positive,Positive,Positive
item_0031,social,representative,representative,True,0,Negative,Negative,Negative
item_0032,social,audit,audit,False,1,Neutral,Neutral,Neutral
item_0033,art,representative,representative,True,0,Neutral,Neutral,Neutral
item_0034,news,audit,audit,False,1,Neutral,Neutral,Neutral
item_0035,social,representative,representative,True,0,Positive,Positive,Positive
item_0036,news,news_topup,news_topup,True,0,Positive,Neutral,Neutral
item_0037,art,representative,representative,True,0,Positive,Positive,Positive
item_0038,social,representative,representative,True,0,Neutral,Neutral,Neutral
item_0039,news,representative,representative,True,0,Neutral,Neutral,Neutral
item_0040,news,news_topup,news_topup,True,0,Positive,Neutral,Neutral
item_0041,social,representative,representative,True,0,Neutral,Neutral,Neutral
item_0042,news,representative,representative,True,0,Negative,Neutral,Neutral
item_0043,art,representative,representative,True,0,Neutral,Neutral,Neutral
item_0044,news,representative,representative,True,0,Negative,Neutral,Neutral
item_0045,news,audit,audit,False,1,Neutral,Positive,Neutral
item_0046,social,representative,representative,True,0,Positive,Positive,Positive
item_0047,health,representative,representative,True,0,Neutral,Neutral,Neutral
item_0048,news,representative,representative,True,0,Neutral,Neutral,Neutral
item_0049,art,audit,audit,False,1,Neutral,Neutral,Neutral
item_0050,art,representative,representative,True,0,Negative,Negative,Negative
item_0051,art,representative,representative,True,0,Positive,Positive,Positive
item_0052,art,representative,representative,True,0,Positive,Positive,Positive
item_0053,news,representative,representative,True,0,Neutral,Neutral,Neutral
item_0054,social,audit,audit,False,1,Neutral,Positive,Neutral
item_0055,art,representative,representative,True,0,Positive,Positive,Positive
item_0056,news,representative,representative,True,0,Positive,Neutral,Neutral
item_0057,news,representative,representative,True,0,Neutral,Neutral,Neutral
item_0058,social,representative,representative,True,0,Positive,Negative,Negative
item_0059,social,representative,representative,True,0,Positive,Neutral,Neutral
item_0060,news,representative,representative,True,0,Negative,Neutral,Neutral
item_0061,news,audit,audit,False,1,Neutral,Neutral,Neutral
item_0062,social,representative,representative,True,0,Positive,Positive,Positive
item_0063,news,representative,representative,True,0,Positive,Neutral,Neutral
item_0064,news,representative,representative,True,0,Negative,Neutral,Neutral
item_0065,news,audit,audit,False,1,Neutral,Neutral,Neutral
item_0066,art,representative,representative,True,0,Negative,Negative,Negative
item_0067,social,representative,representative,True,0,Positive,Neutral,Neutral
item_0068,news,representative,representative,True,0,Positive,Neutral,Neutral
item_0069,social,representative,representative,True,0,Negative,Negative,Negative
item_0070,social,audit,audit,False,1,Neutral,Negative,Neutral
item_0071,news,representative,representative,True,0,Neutral,Neutral,Neutral
item_0072,art,representative,representative,True,0,Neutral,Neutral,Neutral
item_0073,social,representative,representative,True,0,Neutral,Negative,Negative
item_0074,news,news_topup,news_topup,True,0,Negative,Neutral,Neutral
item_0075,social,representative,representative,True,0,Positive,Positive,Positive
item_0076,social,representative,representative,True,0,Positive,Positive,Positive
item_0077,social,representative,representative,True,0,Positive,Positive,Positive
item_0078,news,news_topup,news_topup,True,0,Negative,Neutral,Neutral
item_0079,news,news_topup,news_topup,True,0,Neutral,Neutral,Neutral
item_0080,social,audit,audit,False,1,Neutral,Neutral,Neutral
item_0081,news,news_topup,news_topup,True,0,Negative,Neutral,Neutral
item_0082,news,representative,representative,True,0,Negative,Neutral,Neutral
item_0083,news,representative,representative,True,0,Neutral,Neutral,Neutral
item_0084,social,audit,audit,False,1,Negative,Neutral,Neutral
item_0085,news,representative,representative,True,0,Neutral,Neutral,Neutral
item_0086,news,representative,representative,True,0,Neutral,Neutral,Neutral
item_0087,news,representative,representative,True,0,Negative,Neutral,Neutral
item_0088,social,representative,representative,True,0,Positive,Positive,Positive
item_0089,social,representative,representative,True,0,Negative,Negative,Negative
item_0090,social,representative,representative,True,0,Negative,Neutral,Neutral
item_0091,news,representative,representative,True,0,Neutral,Neutral,Neutral
item_0092,news,news_topup,news_topup,True,0,Negative,Neutral,Neutral
item_0093,news,news_topup,news_topup,True,0,Negative,Neutral,Neutral
item_0094,news,news_topup,news_topup,True,0,Negative,Neutral,Neutral
item_0095,news,representative,representative,True,0,Positive,Positive,Positive
item_0096,health,representative,representative,True,0,Positive,Positive,Positive
item_0097,news,representative,representative,True,0,Positive,Neutral,Neutral
item_0098,news,representative,representative,True,0,Negative,Neutral,Neutral
item_0099,news,representative,representative,True,0,Negative,Neutral,Neutral
item_0100,news,news_topup,news_topup,True,0,Positive,Neutral,Neutral
item_0101,social,representative,representative,True,0,Positive,Positive,Positive
item_0102,social,representative,representative,True,0,Positive,Positive,Positive
item_0103,social,representative,representative,True,0,Negative,Negative,Negative
item_0104,social,representative,representative,True,0,Negative,Neutral,Negative
item_0105,social,representative,representative,True,0,Positive,Positive,Positive
item_0106,news,representative,representative,True,0,Neutral,Neutral,Neutral
item_0107,art,audit,audit,False,1,Neutral,Neutral,Neutral
item_0108,news,news_topup,news_topup,True,0,Neutral,Neutral,Neutral
item_0109,news,news_topup,news_topup,True,0,Neutral,Neutral,Neutral
item_0110,news,representative,representative,True,0,Negative,Neutral,Neutral
item_0111,health,audit;representative,representative,True,1,Neutral,Neutral,Neutral
item_0112,social,audit,audit,False,1,Neutral,Neutral,Neutral
item_0113,social,representative,representative,True,0,Negative,Negative,Negative
item_0114,news,representative,representative,True,0,Negative,Negative,Negative
item_0115,news,representative,representative,True,0,Neutral,Neutral,Neutral
item_0116,art,representative,representative,True,0,Neutral,Neutral,Neutral
item_0117,news,news_topup,news_topup,True,0,Negative,Neutral,Neutral
item_0118,news,news_topup,news_topup,True,0,Negative,Neutral,Neutral
item_0119,social,representative,representative,True,0,Positive,Positive,Neutral
item_0120,news,news_topup,news_topup,True,0,Neutral,Neutral,Neutral
item_0121,health,representative,representative,True,0,Negative,Neutral,Neutral
item_0122,news,news_topup,news_topup,True,0,Negative,Neutral,Neutral
item_0123,social,representative,representative,True,0,Neutral,Neutral,Neutral
item_0124,news,news_topup,news_topup,True,0,Negative,Neutral,Neutral
item_0125,news,representative,representative,True,0,Negative,Neutral,Neutral
item_0126,news,news_topup,news_topup,True,0,Negative,Neutral,Neutral
item_0127,news,news_topup,news_topup,True,0,Negative,Neutral,Neutral
item_0128,news,representative,representative,True,0,Neutral,Neutral,Neutral
item_0129,news,representative,representative,True,0,Neutral,Neutral,Neutral
item_0130,news,representative,representative,True,0,Negative,Neutral,Neutral
item_0131,news,representative,representative,True,0,Negative,Neutral,Neutral
item_0132,news,news_topup,news_topup,True,0,Negative,Neutral,Neutral
item_0133,news,representative,representative,True,0,Neutral,Neutral,Neutral
item_0134,art,representative,representative,True,0,Positive,Positive,Positive
item_0135,news,news_topup,news_topup,True,0,Negative,Neutral,Neutral
item_0136,news,audit,audit,False,1,Neutral,Neutral,Neutral
item_0137,social,representative,representative,True,0,Neutral,Neutral,Neutral
item_0138,art,representative,representative,True,0,Negative,Positive,Negative
item_0139,news,representative,representative,True,0,Neutral,Neutral,Neutral
item_0140,news,audit,audit,False,1,Neutral,Neutral,Neutral
item_0141,news,news_topup,news_topup,True,0,Negative,Neutral,Neutral
item_0142,news,representative,representative,True,0,Positive,Neutral,Neutral
item_0143,art,representative,representative,True,0,Negative,Negative,Negative
item_0144,news,representative,representative,True,0,Neutral,Neutral,Neutral
item_0145,news,representative,representative,True,0,Neutral,Neutral,Neutral
item_0146,news,news_topup,news_topup,True,0,Neutral,Neutral,Neutral
item_0147,social,representative,representative,True,0,Neutral,Neutral,Neutral
item_0148,news,news_topup,news_topup,True,0,Neutral,Neutral,Neutral
item_0149,health,audit,audit,False,1,Neutral,Neutral,Neutral
item_0150,social,representative,representative,True,0,Positive,Negative,Negative
item_0151,social,representative,representative,True,0,Negative,Neutral,Neutral
item_0152,social,representative,representative,True,0,Neutral,Neutral,Neutral
item_0153,news,representative,representative,True,0,Neutral,Neutral,Neutral
item_0154,social,representative,representative,True,0,Negative,Negative,Negative
item_0155,social,representative,representative,True,0,Negative,Neutral,Neutral
item_0156,art,representative,representative,True,0,Neutral,Neutral,Neutral
item_0157,art,representative,representative,True,0,Positive,Neutral,Neutral
item_0158,social,representative,representative,True,0,Positive,Positive,Positive
item_0159,health,audit,audit,False,1,Neutral,Neutral,Neutral
item_0160,news,representative,representative,True,0,Neutral,Neutral,Neutral
item_0161,news,audit;representative,representative,True,1,Neutral,Neutral,Neutral
item_0162,art,representative,representative,True,0,Neutral,Neutral,Neutral
item_0163,social,representative,representative,True,0,Neutral,Negative,Negative
item_0164,art,representative,representative,True,0,Negative,Neutral,Neutral
item_0165,social,audit,audit,False,1,Positive,Neutral,Neutral
item_0166,news,news_topup,news_topup,True,0,Neutral,Neutral,Neutral
item_0167,news,news_topup,news_topup,True,0,Positive,Neutral,Neutral
item_0168,news,audit,audit,False,1,Negative,Neutral,Neutral
item_0169,art,representative,representative,True,0,Negative,Neutral,Neutral
item_0170,social,representative,representative,True,0,Positive,Positive,Positive
item_0171,social,representative,representative,True,0,Positive,Positive,Positive
item_0172,social,representative,representative,True,0,Positive,Neutral,Neutral
item_0173,art,representative,representative,True,0,Neutral,Neutral,Neutral
item_0174,social,representative,representative,True,0,Positive,Neutral,Positive
item_0175,news,representative,representative,True,0,Neutral,Neutral,Neutral
item_0176,news,news_topup,news_topup,True,0,Positive,Neutral,Neutral
item_0177,social,audit,audit,False,1,Negative,Neutral,Neutral
item_0178,news,news_topup,news_topup,True,0,Neutral,Neutral,Neutral
item_0179,art,representative,representative,True,0,Positive,Positive,Positive
item_0180,social,audit,audit,False,1,Negative,Neutral,Neutral
item_0181,social,representative,representative,True,0,Positive,Positive,Positive
item_0182,news,representative,representative,True,0,Positive,Neutral,Neutral
item_0183,news,representative,representative,True,0,Neutral,Neutral,Neutral
item_0184,social,representative,representative,True,0,Negative,Neutral,Neutral
item_0185,art,representative,representative,True,0,Positive,Positive,Positive
item_0186,social,audit,audit,False,1,Negative,Negative,Negative
item_0187,social,representative,representative,True,0,Negative,Neutral,Negative
item_0188,social,representative,representative,True,0,Positive,Positive,Neutral
item_0189,art,representative,representative,True,0,Neutral,Neutral,Neutral
item_0190,news,representative,representative,True,0,Neutral,Neutral,Neutral
item_0191,news,representative,representative,True,0,Negative,Neutral,Neutral
item_0192,news,news_topup,news_topup,True,0,Positive,Neutral,Neutral
item_0193,news,audit,audit,False,1,Neutral,Neutral,Neutral
item_0194,social,audit,audit,False,1,Negative,Neutral,Neutral
item_0195,news,representative,representative,True,0,Negative,Negative,Negative
item_0196,news,news_topup,news_topup,True,0,Positive,Neutral,Neutral
item_0197,news,representative,representative,True,0,Positive,Neutral,Neutral
item_0198,social,representative,representative,True,0,Neutral,Negative,Negative
item_0199,news,news_topup,news_topup,True,0,Neutral,Neutral,Neutral
item_0200,news,news_topup,news_topup,True,0,Neutral,Neutral,Neutral
item_0201,social,representative,representative,True,0,Neutral,Neutral,Neutral
item_0202,news,representative,representative,True,0,Neutral,Neutral,Neutral
item_0203,news,representative,representative,True,0,Neutral,Neutral,Neutral
item_0204,technology,representative,representative,True,0,Positive,Positive,Positive
item_0205,news,representative,representative,True,0,Negative,Neutral,Neutral
item_0206,news,news_topup,news_topup,True,0,Positive,Neutral,Neutral
item_0207,technology,representative,representative,True,0,Negative,Negative,Negative
item_0208,social,audit,audit,False,1,Negative,Negative,Negative
item_0209,news,representative,representative,True,0,Positive,Neutral,Neutral
item_0210,art,representative,representative,True,0,Negative,Negative,Negative
item_0211,news,representative,representative,True,0,Positive,Neutral,Neutral
item_0212,news,representative,representative,True,0,Positive,Neutral,Neutral
item_0213,news,news_topup,news_topup,True,0,Neutral,Neutral,Neutral
item_0214,news,representative,representative,True,0,Neutral,Neutral,Neutral
item_0215,social,representative,representative,True,0,Negative,Negative,Negative
item_0216,news,news_topup,news_topup,True,0,Neutral,Neutral,Neutral
item_0217,art,representative,representative,True,0,Negative,Neutral,Neutral
item_0218,news,representative,representative,True,0,Positive,Neutral,Neutral
item_0219,news,representative,representative,True,0,Negative,Neutral,Neutral
item_0220,news,news_topup,news_topup,True,0,Negative,Neutral,Neutral
item_0221,social,representative,representative,True,0,Negative,Negative,Negative
item_0222,news,representative,representative,True,0,Positive,Positive,Positive
item_0223,technology,representative,representative,True,0,Negative,Negative,Negative
item_0224,news,audit,audit,False,1,Neutral,Neutral,Neutral
item_0225,news,news_topup,news_topup,True,0,Neutral,Neutral,Neutral
item_0226,technology,audit,audit,False,1,Neutral,Negative,Neutral
item_0227,news,representative,representative,True,0,Neutral,Neutral,Neutral
item_0228,news,news_topup,news_topup,True,0,Neutral,Neutral,Neutral
item_0229,news,representative,representative,True,0,Neutral,Neutral,Neutral
item_0230,news,news_topup,news_topup,True,0,Neutral,Neutral,Neutral
item_0231,social,representative,representative,True,0,Positive,Positive,Positive
item_0232,art,audit,audit,False,1,Neutral,Neutral,Neutral
item_0233,social,representative,representative,True,0,Negative,Positive,Positive
item_0234,news,representative,representative,True,0,Negative,Neutral,Neutral
item_0235,social,representative,representative,True,0,Positive,Positive,Positive
item_0236,news,representative,representative,True,0,Neutral,Neutral,Neutral
item_0237,news,representative,representative,True,0,Positive,Neutral,Neutral
item_0238,social,representative,representative,True,0,Positive,Positive,Positive
item_0239,social,representative,representative,True,0,Negative,Negative,Negative
item_0240,social,representative,representative,True,0,Positive,Positive,Positive
item_0241,social,representative,representative,True,0,Positive,Positive,Positive
item_0242,health,representative,representative,True,0,Positive,Positive,Positive
item_0243,news,audit,audit,False,1,Neutral,Neutral,Neutral
item_0244,social,representative,representative,True,0,Positive,Positive,Positive
item_0245,art,audit,audit,False,1,Positive,Neutral,Neutral
item_0246,news,representative,representative,True,0,Neutral,Neutral,Neutral
item_0247,social,representative,representative,True,0,Positive,Positive,Positive
item_0248,health,representative,representative,True,0,Positive,Negative,Negative
item_0249,social,audit,audit,False,1,Neutral,Positive,Neutral
item_0250,social,representative,representative,True,0,Neutral,Neutral,Neutral
item_0251,social,audit,audit,False,1,Neutral,Positive,Positive
item_0252,social,representative,representative,True,0,Negative,Negative,Negative
item_0253,social,representative,representative,True,0,Negative,Neutral,Neutral
item_0254,news,news_topup,news_topup,True,0,Negative,Neutral,Neutral
item_0255,art,representative,representative,True,0,Neutral,Neutral,Neutral
item_0256,news,representative,representative,True,0,Negative,Neutral,Neutral
item_0257,news,news_topup,news_topup,True,0,Negative,Neutral,Neutral
item_0258,news,audit,audit,False,1,Neutral,Neutral,Neutral
item_0259,news,representative,representative,True,0,Neutral,Neutral,Neutral
item_0260,news,representative,representative,True,0,Negative,Neutral,Neutral
item_0261,social,representative,representative,True,0,Negative,Negative,Negative
item_0262,news,news_topup,news_topup,True,0,Neutral,Neutral,Neutral
item_0263,news,representative,representative,True,0,Negative,Neutral,Neutral
item_0264,news,representative,representative,True,0,Negative,Neutral,Neutral
item_0265,social,representative,representative,True,0,Positive,Neutral,Negative
item_0266,art,representative,representative,True,0,Negative,Negative,Negative
item_0267,social,representative,representative,True,0,Neutral,Neutral,Positive
item_0268,news,representative,representative,True,0,Neutral,Neutral,Neutral
item_0269,news,representative,representative,True,0,Negative,Neutral,Neutral
item_0270,news,representative,representative,True,0,Negative,Negative,Negative
item_0271,news,news_topup,news_topup,True,0,Neutral,Neutral,Neutral
item_0272,news,representative,representative,True,0,Neutral,Neutral,Neutral
item_0273,news,news_topup,news_topup,True,0,Neutral,Neutral,Neutral
item_0274,news,news_topup,news_topup,True,0,Positive,Neutral,Neutral
item_0275,social,representative,representative,True,0,Positive,Positive,Positive
item_0276,social,representative,representative,True,0,Positive,Positive,Neutral
item_0277,news,news_topup,news_topup,True,0,Negative,Neutral,Neutral
item_0278,news,representative,representative,True,0,Positive,Neutral,Negative
item_0279,health,representative,representative,True,0,Negative,Neutral,Neutral
item_0280,news,news_topup,news_topup,True,0,Neutral,Neutral,Neutral
item_0281,social,representative,representative,True,0,Negative,Negative,Negative
item_0282,news,representative,representative,True,0,Negative,Negative,Negative
item_0283,social,representative,representative,True,0,Positive,Positive,Positive
item_0284,news,representative,representative,True,0,Neutral,Neutral,Neutral
item_0285,news,representative,representative,True,0,Negative,Neutral,Neutral
item_0286,news,representative,representative,True,0,Negative,Negative,Negative
item_0287,news,news_topup,news_topup,True,0,Neutral,Neutral,Neutral
item_0288,social,representative,representative,True,0,Neutral,Neutral,Neutral
item_0289,news,news_topup,news_topup,True,0,Neutral,Neutral,Neutral
item_0290,art,representative,representative,True,0,Neutral,Neutral,Neutral
item_0291,news,audit,audit,False,1,Neutral,Neutral,Neutral
item_0292,social,representative,representative,True,0,Positive,Positive,Positive
item_0293,social,audit,audit,False,1,Positive,Neutral,Negative
item_0294,social,audit,audit,False,1,Neutral,Neutral,Neutral
item_0295,news,representative,representative,True,0,Neutral,Neutral,Neutral
item_0296,news,representative,representative,True,0,Neutral,Neutral,Neutral
item_0297,social,representative,representative,True,0,Neutral,Neutral,Neutral
item_0298,news,audit,audit,False,1,Negative,Neutral,Neutral
item_0299,social,representative,representative,True,0,Neutral,Neutral,Neutral
item_0300,health,audit,audit,False,1,Positive,Neutral,Neutral
item_0301,news,representative,representative,True,0,Neutral,Neutral,Neutral
item_0302,social,representative,representative,True,0,Neutral,Neutral,Neutral
item_0303,social,representative,representative,True,0,Neutral,Neutral,Neutral
item_0304,social,representative,representative,True,0,Positive,Negative,Negative
item_0305,art,representative,representative,True,0,Negative,Neutral,Neutral
item_0306,social,representative,representative,True,0,Positive,Positive,Positive
item_0307,news,audit,audit,False,1,Positive,Neutral,Neutral
item_0308,social,representative,representative,True,0,Negative,Negative,Negative
item_0309,news,news_topup,news_topup,True,0,Positive,Positive,Positive
item_0310,news,representative,representative,True,0,Neutral,Neutral,Neutral
item_0311,news,audit,audit,False,1,Negative,Positive,Positive
item_0312,news,news_topup,news_topup,True,0,Neutral,Neutral,Neutral
item_0313,social,audit,audit,False,1,Positive,Neutral,Neutral
item_0314,social,representative,representative,True,0,Positive,Positive,Positive
item_0315,social,representative,representative,True,0,Positive,Positive,Positive
item_0316,news,representative,representative,True,0,Negative,Neutral,Neutral
item_0317,news,audit,audit,False,1,Neutral,Neutral,Neutral
item_0318,social,representative,representative,True,0,Negative,Negative,Negative
item_0319,art,representative,representative,True,0,Positive,Positive,Neutral
item_0320,news,news_topup,news_topup,True,0,Neutral,Neutral,Neutral
item_0321,news,representative,representative,True,0,Negative,Neutral,Neutral
item_0322,news,representative,representative,True,0,Neutral,Neutral,Neutral
item_0323,social,representative,representative,True,0,Negative,Neutral,Neutral
item_0324,art,audit,audit,False,1,Neutral,Neutral,Neutral
item_0325,news,representative,representative,True,0,Neutral,Neutral,Neutral
item_0326,news,news_topup,news_topup,True,0,Neutral,Neutral,Neutral
item_0327,social,representative,representative,True,0,Negative,Negative,Negative
item_0328,health,representative,representative,True,0,Negative,Negative,Negative
item_0329,news,news_topup,news_topup,True,0,Negative,Neutral,Neutral
item_0330,news,news_topup,news_topup,True,0,Positive,Neutral,Neutral
item_0331,health,audit,audit,False,1,Neutral,Positive,Positive
item_0332,news,representative,representative,True,0,Neutral,Neutral,Neutral
item_0333,news,representative,representative,True,0,Negative,Neutral,Neutral
item_0334,social,representative,representative,True,0,Negative,Neutral,Neutral
item_0335,social,representative,representative,True,0,Positive,Negative,Negative
item_0336,news,representative,representative,True,0,Neutral,Negative,Neutral
item_0337,art,representative,representative,True,0,Neutral,Neutral,Neutral
item_0338,social,audit,audit,False,1,Negative,Negative,Negative
item_0339,social,representative,representative,True,0,Positive,Positive,Positive
item_0340,art,audit,audit,False,1,Neutral,Neutral,Neutral
item_0341,health,representative,representative,True,0,Negative,Negative,Negative
item_0342,social,representative,representative,True,0,Positive,Positive,Positive
item_0343,social,representative,representative,True,0,Negative,Neutral,Neutral
item_0344,news,news_topup,news_topup,True,0,Negative,Neutral,Neutral
item_0345,news,news_topup,news_topup,True,0,Neutral,Neutral,Neutral
item_0346,art,representative,representative,True,0,Negative,Negative,Negative
item_0347,news,audit,audit,False,1,Positive,Neutral,Neutral
item_0348,social,representative,representative,True,0,Neutral,Positive,Positive
item_0349,news,news_topup,news_topup,True,0,Neutral,Neutral,Neutral
item_0350,social,representative,representative,True,0,Positive,Positive,Positive
item_0351,art,representative,representative,True,0,Positive,Positive,Positive
item_0352,news,news_topup,news_topup,True,0,Positive,Neutral,Neutral
item_0353,social,representative,representative,True,0,Positive,Positive,Positive
item_0354,news,representative,representative,True,0,Positive,Positive,Positive
item_0355,news,audit,audit,False,1,Neutral,Neutral,Neutral
item_0356,news,representative,representative,True,0,Negative,Neutral,Neutral
item_0357,social,representative,representative,True,0,Positive,Positive,Positive
item_0358,art,representative,representative,True,0,Neutral,Neutral,Neutral
item_0359,news,representative,representative,True,0,Positive,Neutral,Neutral
item_0360,art,representative,representative,True,0,Positive,Neutral,Neutral
item_0361,art,representative,representative,True,0,Neutral,Neutral,Neutral
item_0362,news,news_topup,news_topup,True,0,Neutral,Neutral,Neutral
item_0363,social,representative,representative,True,0,Neutral,Positive,Neutral
item_0364,news,news_topup,news_topup,True,0,Negative,Neutral,Neutral
item_0365,social,representative,representative,True,0,Negative,Negative,Negative
item_0366,social,representative,representative,True,0,Negative,Negative,Negative
item_0367,social,representative,representative,True,0,Negative,Negative,Negative
item_0368,social,representative,representative,True,0,Negative,Neutral,Neutral
item_0369,social,representative,representative,True,0,Positive,Positive,Positive
item_0370,social,representative,representative,True,0,Negative,Negative,Negative
item_0371,social,representative,representative,True,0,Negative,Neutral,Neutral
item_0372,social,representative,representative,True,0,Positive,Positive,Positive
item_0373,social,representative,representative,True,0,Positive,Positive,Positive
item_0374,news,audit,audit,False,1,Negative,Neutral,Neutral
item_0375,social,representative,representative,True,0,Positive,Positive,Positive
item_0376,social,audit,audit,False,1,Positive,Positive,Negative
item_0377,news,news_topup,news_topup,True,0,Negative,Neutral,Neutral
item_0378,health,representative,representative,True,0,Negative,Neutral,Neutral
item_0379,social,representative,representative,True,0,Positive,Positive,Positive
item_0380,social,representative,representative,True,0,Neutral,Neutral,Neutral
item_0381,news,representative,representative,True,0,Neutral,Neutral,Neutral
item_0382,social,audit,audit,False,1,Negative,Negative,Negative
item_0383,news,news_topup,news_topup,True,0,Neutral,Neutral,Neutral
item_0384,news,representative,representative,True,0,Neutral,Neutral,Neutral
item_0385,news,representative,representative,True,0,Neutral,Negative,Neutral
item_0386,news,representative,representative,True,0,Neutral,Neutral,Neutral
item_0387,social,representative,representative,True,0,Negative,Negative,Negative
item_0388,news,representative,representative,True,0,Neutral,Neutral,Neutral
item_0389,news,news_topup,news_topup,True,0,Neutral,Neutral,Neutral
item_0390,news,audit,audit,False,1,Neutral,Neutral,Neutral
item_0391,social,representative,representative,True,0,Positive,Positive,Neutral
item_0392,social,representative,representative,True,0,Positive,Positive,Positive
item_0393,news,news_topup,news_topup,True,0,Neutral,Neutral,Neutral
item_0394,news,representative,representative,True,0,Negative,Neutral,Neutral
item_0395,social,audit,audit,False,1,Neutral,Neutral,Neutral
item_0396,social,representative,representative,True,0,Positive,Positive,Positive
item_0397,news,news_topup,news_topup,True,0,Neutral,Neutral,Neutral
item_0398,news,representative,representative,True,0,Negative,Neutral,Neutral
item_0399,news,representative,representative,True,0,Negative,Neutral,Neutral
item_0400,social,representative,representative,True,0,Neutral,Negative,Negative
item_0401,social,representative,representative,True,0,Negative,Negative,Negative
item_0402,social,representative,representative,True,0,Positive,Positive,Positive
item_0403,health,representative,representative,True,0,Negative,Negative,Negative
item_0404,social,representative,representative,True,0,Neutral,Neutral,Neutral
item_0405,news,representative,representative,True,0,Negative,Neutral,Neutral
item_0406,news,representative,representative,True,0,Neutral,Neutral,Neutral
item_0407,news,news_topup,news_topup,True,0,Neutral,Neutral,Neutral
item_0408,art,representative,representative,True,0,Positive,Positive,Positive
item_0409,social,representative,representative,True,0,Positive,Positive,Positive
item_0410,news,representative,representative,True,0,Neutral,Neutral,Neutral
item_0411,art,representative,representative,True,0,Positive,Positive,Positive
item_0412,news,news_topup,news_topup,True,0,Neutral,Neutral,Neutral
item_0413,news,representative,representative,True,0,Positive,Neutral,Neutral
item_0414,technology,representative,representative,True,0,Neutral,Neutral,Neutral
item_0415,social,representative,representative,True,0,Neutral,Neutral,Neutral
item_0416,news,representative,representative,True,0,Positive,Neutral,Neutral
item_0417,news,representative,representative,True,0,Neutral,Neutral,Neutral
item_0418,news,representative,representative,True,0,Negative,Neutral,Neutral
item_0419,news,representative,representative,True,0,Negative,Neutral,Neutral
item_0420,social,audit,audit,False,1,Neutral,Neutral,Neutral
item_0421,news,representative,representative,True,0,Positive,Neutral,Neutral
item_0422,art,representative,representative,True,0,Negative,Neutral,Neutral
item_0423,news,representative,representative,True,0,Neutral,Neutral,Neutral
item_0424,news,representative,representative,True,0,Neutral,Neutral,Neutral
item_0425,news,representative,representative,True,0,Positive,Positive,Positive
item_0426,news,news_topup,news_topup,True,0,Negative,Neutral,Neutral
item_0427,news,representative,representative,True,0,Neutral,Neutral,Neutral
item_0428,social,audit,audit,False,1,Neutral,Neutral,Neutral
item_0429,news,representative,representative,True,0,Neutral,Neutral,Neutral
item_0430,news,news_topup,news_topup,True,0,Positive,Neutral,Neutral
item_0431,news,representative,representative,True,0,Neutral,Neutral,Neutral
item_0432,news,representative,representative,True,0,Negative,Neutral,Neutral
item_0433,social,representative,representative,True,0,Positive,Positive,Positive
item_0434,social,representative,representative,True,0,Positive,Positive,Positive
item_0435,news,news_topup,news_topup,True,0,Neutral,Neutral,Neutral
item_0436,social,representative,representative,True,0,Neutral,Neutral,Neutral
item_0437,social,audit,audit,False,1,Neutral,Negative,Negative
item_0438,social,representative,representative,True,0,Negative,Neutral,Neutral
item_0439,social,representative,representative,True,0,Negative,Negative,Negative
item_0440,social,representative,representative,True,0,Positive,Positive,Positive
item_0441,news,representative,representative,True,0,Neutral,Neutral,Neutral
item_0442,health,audit,audit,False,1,Neutral,Negative,Negative
item_0443,news,news_topup,news_topup,True,0,Neutral,Neutral,Neutral
item_0444,social,representative,representative,True,0,Negative,Negative,Negative
item_0445,social,representative,representative,True,0,Positive,Negative,Negative
item_0446,social,representative,representative,True,0,Positive,Positive,Positive
item_0447,art,representative,representative,True,0,Negative,Neutral,Neutral
item_0448,social,representative,representative,True,0,Positive,Positive,Positive
item_0449,health,representative,representative,True,0,Negative,Neutral,Neutral
item_0450,social,representative,representative,True,0,Neutral,Neutral,Neutral
item_0451,news,news_topup,news_topup,True,0,Neutral,Neutral,Neutral
item_0452,news,news_topup,news_topup,True,0,Positive,Neutral,Neutral
item_0453,social,representative,representative,True,0,Positive,Positive,Positive
item_0454,social,representative,representative,True,0,Negative,Negative,Negative
item_0455,news,representative,representative,True,0,Neutral,Neutral,Neutral
item_0456,news,news_topup,news_topup,True,0,Neutral,Neutral,Neutral
item_0457,art,representative,representative,True,0,Negative,Neutral,Neutral
item_0458,social,audit,audit,False,1,Positive,Positive,Positive
item_0459,social,representative,representative,True,0,Neutral,Positive,Neutral
item_0460,news,news_topup,news_topup,True,0,Positive,Positive,Positive
item_0461,news,representative,representative,True,0,Neutral,Neutral,Neutral
item_0462,news,audit,audit,False,1,Neutral,Neutral,Neutral
item_0463,news,news_topup,news_topup,True,0,Neutral,Neutral,Neutral
item_0464,art,representative,representative,True,0,Positive,Positive,Positive
item_0465,social,representative,representative,True,0,Negative,Neutral,Neutral
item_0466,social,representative,representative,True,0,Negative,Negative,Negative
item_0467,social,representative,representative,True,0,Positive,Positive,Positive
item_0468,news,news_topup,news_topup,True,0,Negative,Neutral,Neutral
item_0469,news,representative,representative,True,0,Negative,Neutral,Neutral
item_0470,news,representative,representative,True,0,Neutral,Neutral,Neutral
item_0471,news,news_topup,news_topup,True,0,Neutral,Neutral,Neutral
item_0472,news,representative,representative,True,0,Positive,Neutral,Neutral
item_0473,art,representative,representative,True,0,Positive,Neutral,Positive
item_0474,social,representative,representative,True,0,Positive,Positive,Positive
item_0475,news,news_topup,news_topup,True,0,Positive,Neutral,Neutral
item_0476,news,representative,representative,True,0,Positive,Neutral,Neutral
item_0477,news,news_topup,news_topup,True,0,Neutral,Neutral,Neutral
item_0478,news,representative,representative,True,0,Neutral,Neutral,Neutral
item_0479,health,representative,representative,True,0,Negative,Neutral,Neutral
item_0480,art,representative,representative,True,0,Neutral,Neutral,Neutral
item_0481,news,news_topup,news_topup,True,0,Negative,Neutral,Neutral
item_0482,health,representative,representative,True,0,Negative,Neutral,Neutral
item_0483,art,representative,representative,True,0,Neutral,Neutral,Neutral
item_0484,social,representative,representative,True,0,Neutral,Neutral,Neutral
item_0485,news,news_topup,news_topup,True,0,Neutral,Neutral,Neutral
item_0486,social,representative,representative,True,0,Neutral,Neutral,Neutral
item_0487,technology,representative,representative,True,0,Neutral,Neutral,Neutral
item_0488,news,representative,representative,True,0,Negative,Neutral,Neutral
item_0489,news,news_topup,news_topup,True,0,Neutral,Neutral,Neutral
item_0490,news,news_topup,news_topup,True,0,Neutral,Neutral,Neutral
item_0491,art,representative,representative,True,0,Neutral,Neutral,Neutral
item_0492,social,representative,representative,True,0,Positive,Positive,Positive
item_0493,social,representative,representative,True,0,Positive,Positive,Positive
item_0494,news,news_topup,news_topup,True,0,Neutral,Neutral,Neutral
item_0495,news,representative,representative,True,0,Positive,Neutral,Neutral
item_0496,social,representative,representative,True,0,Positive,Positive,Positive
item_0497,social,audit,audit,False,1,Negative,Negative,Negative
item_0498,news,news_topup,news_topup,True,0,Neutral,Neutral,Neutral
item_0499,social,audit,audit,False,1,Neutral,Neutral,Neutral
item_0500,health,representative,representative,True,0,Negative,Negative,Negative
item_0501,social,representative,representative,True,0,Positive,Positive,Positive
item_0502,health,representative,representative,True,0,Negative,Negative,Negative
item_0503,art,representative,representative,True,0,Positive,Positive,Positive
item_0504,news,representative,representative,True,0,Neutral,Neutral,Neutral
item_0505,news,representative,representative,True,0,Positive,Neutral,Positive
item_0506,news,representative,representative,True,0,Negative,Neutral,Neutral
item_0507,news,representative,representative,True,0,Negative,Neutral,Neutral
item_0508,news,representative,representative,True,0,Neutral,Neutral,Neutral
item_0509,art,audit,audit,False,1,Neutral,Neutral,Neutral
item_0510,news,representative,representative,True,0,Neutral,Neutral,Neutral
item_0511,news,representative,representative,True,0,Negative,Neutral,Neutral
item_0512,news,audit,audit,False,1,Neutral,Neutral,Neutral
item_0513,news,representative,representative,True,0,Positive,Positive,Positive
item_0514,news,news_topup,news_topup,True,0,Positive,Neutral,Neutral
item_0515,news,news_topup,news_topup,True,0,Positive,Neutral,Neutral
item_0516,social,representative,representative,True,0,Positive,Positive,Positive
item_0517,social,representative,representative,True,0,Neutral,Neutral,Neutral
item_0518,social,representative,representative,True,0,Negative,Negative,Negative
item_0519,news,news_topup,news_topup,True,0,Neutral,Neutral,Neutral
item_0520,art,representative,representative,True,0,Positive,Positive,Positive
item_0521,social,representative,representative,True,0,Negative,Negative,Negative
item_0522,social,representative,representative,True,0,Positive,Positive,Positive
item_0523,news,news_topup,news_topup,True,0,Positive,Negative,Positive
item_0524,news,news_topup,news_topup,True,0,Positive,Neutral,Neutral
item_0525,art,representative,representative,True,0,Positive,Positive,Positive
item_0526,art,representative,representative,True,0,Negative,Negative,Negative
item_0527,news,news_topup,news_topup,True,0,Neutral,Neutral,Neutral
item_0528,social,representative,representative,True,0,Neutral,Positive,Positive
item_0529,news,news_topup,news_topup,True,0,Neutral,Neutral,Neutral
item_0530,social,representative,representative,True,0,Positive,Positive,Positive
item_0531,social,representative,representative,True,0,Negative,Neutral,Neutral
item_0532,news,representative,representative,True,0,Neutral,Neutral,Neutral
item_0533,social,representative,representative,True,0,Positive,Positive,Positive
item_0534,news,news_topup,news_topup,True,0,Negative,Neutral,Neutral
item_0535,social,representative,representative,True,0,Negative,Negative,Negative
item_0536,news,news_topup,news_topup,True,0,Negative,Neutral,Neutral
item_0537,social,audit,audit,False,1,Neutral,Negative,Negative
item_0538,news,representative,representative,True,0,Neutral,Neutral,Neutral
item_0539,news,representative,representative,True,0,Positive,Positive,Positive
item_0540,social,representative,representative,True,0,Neutral,Neutral,Neutral
item_0541,news,audit,audit,False,1,Positive,Neutral,Neutral
item_0542,news,news_topup,news_topup,True,0,Neutral,Neutral,Neutral
item_0543,social,representative,representative,True,0,Neutral,Negative,Negative
item_0544,art,representative,representative,True,0,Negative,Neutral,Neutral
item_0545,health,representative,representative,True,0,Negative,Neutral,Neutral
item_0546,news,representative,representative,True,0,Negative,Negative,Negative
item_0547,social,representative,representative,True,0,Neutral,Neutral,Neutral
item_0548,social,representative,representative,True,0,Negative,Neutral,Neutral
item_0549,art,representative,representative,True,0,Neutral,Neutral,Neutral
item_0550,social,representative,representative,True,0,Positive,Negative,Negative
item_0551,social,representative,representative,True,0,Negative,Neutral,Neutral
item_0552,news,news_topup,news_topup,True,0,Negative,Neutral,Neutral
item_0553,health,representative,representative,True,0,Negative,Neutral,Neutral
item_0554,news,news_topup,news_topup,True,0,Negative,Neutral,Neutral
item_0555,health,representative,representative,True,0,Negative,Neutral,Neutral
item_0556,social,representative,representative,True,0,Positive,Neutral,Negative
item_0557,news,audit,audit,False,1,Positive,Neutral,Neutral
item_0558,health,representative,representative,True,0,Positive,Positive,Positive
item_0559,social,representative,representative,True,0,Negative,Neutral,Neutral
item_0560,news,news_topup,news_topup,True,0,Positive,Positive,Positive
item_0561,social,representative,representative,True,0,Positive,Positive,Neutral
item_0562,social,representative,representative,True,0,Negative,Negative,Negative
item_0563,art,representative,representative,True,0,Neutral,Neutral,Neutral
item_0564,news,news_topup,news_topup,True,0,Neutral,Neutral,Neutral
item_0565,art,representative,representative,True,0,Neutral,Neutral,Neutral
item_0566,art,representative,representative,True,0,Neutral,Neutral,Neutral
item_0567,technology,representative,representative,True,0,Positive,Positive,Positive
item_0568,news,representative,representative,True,0,Positive,Neutral,Neutral
item_0569,social,representative,representative,True,0,Positive,Positive,Positive
item_0570,news,representative,representative,True,0,Positive,Neutral,Neutral
item_0571,news,audit,audit,False,1,Neutral,Neutral,Neutral
item_0572,art,representative,representative,True,0,Negative,Negative,Negative
item_0573,news,audit,audit,False,1,Positive,Negative,Negative
item_0574,news,audit,audit,False,1,Neutral,Neutral,Neutral
item_0575,news,representative,representative,True,0,Neutral,Neutral,Neutral
item_0576,news,news_topup,news_topup,True,0,Neutral,Neutral,Neutral
item_0577,social,representative,representative,True,0,Positive,Negative,Neutral
item_0578,news,news_topup,news_topup,True,0,Negative,Negative,Negative
item_0579,social,representative,representative,True,0,Positive,Positive,Positive
item_0580,social,representative,representative,True,0,Positive,Positive,Positive
item_0581,social,audit,audit,False,1,Negative,Negative,Negative
item_0582,news,audit,audit,False,1,Neutral,Neutral,Neutral
item_0583,art,representative,representative,True,0,Positive,Positive,Neutral
item_0584,art,representative,representative,True,0,Neutral,Neutral,Neutral
item_0585,news,representative,representative,True,0,Negative,Neutral,Neutral
item_0586,news,news_topup,news_topup,True,0,Neutral,Neutral,Neutral
item_0587,art,representative,representative,True,0,Negative,Negative,Negative
item_0588,news,news_topup,news_topup,True,0,Negative,Neutral,Neutral
item_0589,news,news_topup,news_topup,True,0,Neutral,Neutral,Neutral
item_0590,social,audit,audit,False,1,Neutral,Neutral,Neutral
item_0591,news,news_topup,news_topup,True,0,Neutral,Neutral,Neutral
item_0592,social,representative,representative,True,0,Positive,Neutral,Neutral
item_0593,news,representative,representative,True,0,Neutral,Neutral,Neutral
item_0594,news,news_topup,news_topup,True,0,Negative,Neutral,Neutral
item_0595,social,representative,representative,True,0,Negative,Negative,Negative
item_0596,news,representative,representative,True,0,Neutral,Neutral,Neutral
item_0597,social,representative,representative,True,0,Neutral,Neutral,Neutral
item_0598,news,representative,representative,True,0,Positive,Neutral,Neutral
item_0599,social,audit;representative,representative,True,1,Neutral,Neutral,Neutral
item_0600,news,audit,audit,False,1,Neutral,Neutral,Neutral
item_0601,news,news_topup,news_topup,True,0,Neutral,Neutral,Neutral
item_0602,social,audit,audit,False,1,Neutral,Neutral,Neutral
item_0603,news,audit,audit,False,1,Neutral,Neutral,Neutral
item_0604,social,representative,representative,True,0,Positive,Positive,Positive
item_0605,news,representative,representative,True,0,Negative,Negative,Negative
item_0606,news,news_topup,news_topup,True,0,Neutral,Neutral,Neutral
item_0607,news,representative,representative,True,0,Positive,Positive,Positive
item_0608,news,news_topup,news_topup,True,0,Negative,Neutral,Neutral
item_0609,news,news_topup,news_topup,True,0,Neutral,Neutral,Neutral
item_0610,news,news_topup,news_topup,True,0,Neutral,Neutral,Neutral
item_0611,news,representative,representative,True,0,Neutral,Neutral,Neutral
item_0612,news,news_topup,news_topup,True,0,Neutral,Neutral,Neutral
item_0613,news,representative,representative,True,0,Neutral,Neutral,Neutral
item_0614,social,representative,representative,True,0,Positive,Positive,Positive
item_0615,news,representative,representative,True,0,Neutral,Neutral,Neutral
item_0616,news,news_topup,news_topup,True,0,Positive,Neutral,Neutral
item_0617,social,representative,representative,True,0,Negative,Negative,Negative
item_0618,news,representative,representative,True,0,Negative,Neutral,Neutral
item_0619,social,audit,audit,False,1,Negative,Negative,Negative
item_0620,social,audit,audit,False,1,Positive,Negative,Negative
item_0621,news,news_topup,news_topup,True,0,Neutral,Neutral,Neutral
item_0622,news,representative,representative,True,0,Neutral,Neutral,Neutral
item_0623,news,representative,representative,True,0,Negative,Neutral,Neutral
item_0624,social,representative,representative,True,0,Positive,Positive,Positive
item_0625,news,representative,representative,True,0,Negative,Neutral,Neutral
item_0626,news,news_topup,news_topup,True,0,Negative,Neutral,Neutral
item_0627,art,audit,audit,False,1,Neutral,Neutral,Neutral
item_0628,art,representative,representative,True,0,Positive,Neutral,Positive
item_0629,news,news_topup,news_topup,True,0,Negative,Neutral,Neutral
item_0630,social,representative,representative,True,0,Neutral,Neutral,Neutral
item_0631,art,representative,representative,True,0,Positive,Positive,Positive
item_0632,news,news_topup,news_topup,True,0,Negative,Neutral,Neutral
item_0633,art,audit,audit,False,1,Positive,Negative,Negative
item_0634,health,representative,representative,True,0,Negative,Negative,Negative
item_0635,news,news_topup,news_topup,True,0,Positive,Neutral,Neutral
item_0636,social,representative,representative,True,0,Neutral,Negative,Neutral
item_0637,news,representative,representative,True,0,Neutral,Neutral,Neutral
item_0638,news,representative,representative,True,0,Positive,Positive,Positive
item_0639,news,representative,representative,True,0,Neutral,Neutral,Neutral
item_0640,social,representative,representative,True,0,Neutral,Positive,Positive
item_0641,social,representative,representative,True,0,Positive,Neutral,Neutral
item_0642,news,representative,representative,True,0,Neutral,Neutral,Neutral
item_0643,news,news_topup,news_topup,True,0,Negative,Neutral,Neutral
item_0644,news,news_topup,news_topup,True,0,Neutral,Neutral,Neutral
item_0645,social,representative,representative,True,0,Neutral,Positive,Positive
item_0646,news,representative,representative,True,0,Neutral,Neutral,Neutral
item_0647,social,audit,audit,False,1,Negative,Negative,Negative
item_0648,art,representative,representative,True,0,Neutral,Neutral,Neutral
item_0649,news,representative,representative,True,0,Negative,Neutral,Neutral
item_0650,art,representative,representative,True,0,Positive,Positive,Positive
item_0651,news,representative,representative,True,0,Negative,Neutral,Neutral
item_0652,art,representative,representative,True,0,Positive,Positive,Positive
item_0653,health,representative,representative,True,0,Negative,Negative,Negative
item_0654,news,representative,representative,True,0,Negative,Negative,Negative
item_0655,news,representative,representative,True,0,Neutral,Neutral,Neutral
item_0656,social,representative,representative,True,0,Positive,Positive,Positive
item_0657,art,representative,representative,True,0,Negative,Negative,Negative
item_0658,health,representative,representative,True,0,Negative,Neutral,Neutral
item_0659,social,representative,representative,True,0,Positive,Neutral,Neutral
item_0660,news,representative,representative,True,0,Negative,Neutral,Neutral
item_0661,social,audit,audit,False,1,Negative,Negative,Negative
item_0662,social,representative,representative,True,0,Positive,Positive,Positive
item_0663,news,representative,representative,True,0,Negative,Negative,Negative
item_0664,social,representative,representative,True,0,Positive,Positive,Positive
item_0665,news,representative,representative,True,0,Neutral,Positive,Neutral
item_0666,news,news_topup,news_topup,True,0,Negative,Neutral,Neutral
item_0667,art,representative,representative,True,0,Negative,Negative,Negative
item_0668,news,news_topup,news_topup,True,0,Neutral,Neutral,Neutral
item_0669,technology,audit,audit,False,1,Neutral,Negative,Negative
item_0670,social,representative,representative,True,0,Positive,Positive,Positive
item_0671,social,representative,representative,True,0,Positive,Positive,Neutral
item_0672,social,representative,representative,True,0,Positive,Positive,Positive
item_0673,news,news_topup,news_topup,True,0,Positive,Neutral,Neutral
item_0674,social,representative,representative,True,0,Neutral,Neutral,Neutral
item_0675,news,news_topup,news_topup,True,0,Neutral,Neutral,Neutral
item_0676,news,news_topup,news_topup,True,0,Negative,Neutral,Neutral
item_0677,art,representative,representative,True,0,Negative,Neutral,Negative
item_0678,news,representative,representative,True,0,Negative,Neutral,Neutral
item_0679,social,representative,representative,True,0,Positive,Positive,Positive
item_0680,art,representative,representative,True,0,Positive,Positive,Positive
item_0681,news,representative,representative,True,0,Negative,Neutral,Neutral
item_0682,news,news_topup,news_topup,True,0,Negative,Negative,Negative
item_0683,news,representative,representative,True,0,Negative,Neutral,Neutral
item_0684,news,representative,representative,True,0,Positive,Neutral,Neutral
item_0685,social,representative,representative,True,0,Neutral,Neutral,Neutral
item_0686,art,representative,representative,True,0,Negative,Negative,Negative
item_0687,technology,representative,representative,True,0,Negative,Negative,Negative
item_0688,news,news_topup,news_topup,True,0,Negative,Neutral,Neutral
item_0689,news,news_topup,news_topup,True,0,Negative,Neutral,Neutral
item_0690,news,news_topup,news_topup,True,0,Negative,Neutral,Neutral
item_0691,news,audit,audit,False,1,Negative,Neutral,Neutral
item_0692,news,news_topup,news_topup,True,0,Positive,Positive,Positive
item_0693,news,news_topup,news_topup,True,0,Neutral,Neutral,Neutral
item_0694,social,audit,audit,False,1,Positive,Negative,Negative
item_0695,news,news_topup,news_topup,True,0,Neutral,Neutral,Neutral
item_0696,social,representative,representative,True,0,Negative,Negative,Negative
item_0697,social,representative,representative,True,0,Neutral,Neutral,Neutral
item_0698,news,news_topup,news_topup,True,0,Neutral,Neutral,Neutral
item_0699,art,representative,representative,True,0,Negative,Neutral,Neutral
item_0700,news,representative,representative,True,0,Neutral,Neutral,Neutral
item_0701,news,news_topup,news_topup,True,0,Negative,Neutral,Neutral
item_0702,news,news_topup,news_topup,True,0,Positive,Positive,Positive
item_0703,social,representative,representative,True,0,Negative,Neutral,Neutral
item_0704,news,news_topup,news_topup,True,0,Positive,Positive,Positive
item_0705,social,representative,representative,True,0,Positive,Positive,Positive
item_0706,news,news_topup,news_topup,True,0,Neutral,Neutral,Neutral
item_0707,art,representative,representative,True,0,Neutral,Neutral,Neutral
item_0708,social,representative,representative,True,0,Neutral,Negative,Negative
item_0709,news,news_topup,news_topup,True,0,Neutral,Neutral,Neutral
item_0710,news,representative,representative,True,0,Neutral,Neutral,Neutral
item_0711,social,representative,representative,True,0,Positive,Positive,Positive
item_0712,news,audit,audit,False,1,Neutral,Neutral,Neutral
item_0713,news,news_topup,news_topup,True,0,Neutral,Neutral,Neutral
item_0714,social,audit,audit,False,1,Neutral,Negative,Negative
item_0715,health,representative,representative,True,0,Negative,Negative,Negative
item_0716,social,representative,representative,True,0,Positive,Positive,Positive
item_0717,social,representative,representative,True,0,Negative,Negative,Negative
item_0718,health,representative,representative,True,0,Positive,Positive,Positive
item_0719,art,representative,representative,True,0,Neutral,Neutral,Neutral
item_0720,social,representative,representative,True,0,Neutral,Neutral,Neutral
item_0721,art,audit,audit,False,1,Positive,Neutral,Neutral
item_0722,social,representative,representative,True,0,Neutral,Neutral,Positive
item_0723,social,representative,representative,True,0,Neutral,Negative,Negative
item_0724,news,representative,representative,True,0,Positive,Neutral,Neutral
item_0725,social,audit,audit,False,1,Neutral,Neutral,Neutral
item_0726,social,representative,representative,True,0,Positive,Positive,Positive
item_0727,social,representative,representative,True,0,Negative,Neutral,Neutral
item_0728,social,representative,representative,True,0,Positive,Positive,Positive
item_0729,news,news_topup,news_topup,True,0,Negative,Neutral,Neutral
item_0730,news,news_topup,news_topup,True,0,Positive,Neutral,Neutral
item_0731,news,audit;representative,representative,True,1,Neutral,Neutral,Neutral
item_0732,news,representative,representative,True,0,Negative,Neutral,Neutral
item_0733,news,news_topup,news_topup,True,0,Neutral,Neutral,Neutral
item_0734,news,audit,audit,False,1,Negative,Neutral,Neutral
item_0735,health,audit,audit,False,1,Neutral,Neutral,Neutral
item_0736,health,representative,representative,True,0,Negative,Negative,Negative
item_0737,social,representative,representative,True,0,Neutral,Neutral,Neutral
item_0738,news,representative,representative,True,0,Neutral,Neutral,Neutral
item_0739,news,representative,representative,True,0,Neutral,Neutral,Neutral
item_0740,social,representative,representative,True,0,Positive,Positive,Positive
item_0741,social,representative,representative,True,0,Positive,Positive,Positive
item_0742,news,news_topup,news_topup,True,0,Neutral,Neutral,Neutral
item_0743,news,representative,representative,True,0,Neutral,Neutral,Neutral
item_0744,art,representative,representative,True,0,Positive,Positive,Positive
